ward_name,constituency,latitude,longitude
UPPER SAVANNAH,EMBAKASI EAST,-1.28508621660319,36.9110042212224
Wabera,Isiolo North,0.358866589533805,37.5925851283154
North Kamagambo,Rongo,-0.687860540128222,34.6101529939637
Central Kamagambo,Rongo,-0.759277242421849,34.604603991231
South Kamagambo,Rongo,-0.879820527871624,34.6073547404929
God Jope,Suna East,-1.06390592306655,34.5280202698421
Suna Central,Suna East,-1.08289382690353,34.4979091802349
Kakrao,Suna East,-1.02788888526872,34.4248954277627
Kwa,Suna East,-1.10157961533694,34.5969248972193
Wiga,Suna West,-1.0539679986737,34.3332560207595
Ragana-Oruba,Suna West,-1.0949541400191,34.4658137228491
Wasimbete,Suna West,-1.1298659962436,34.3297367030324
West Kanyamkago,Uriri,-0.957065190848004,34.399957063991
Central Kanyamkago,Uriri,-0.9350185777834,34.4579880331536
South Kanyamkago,Uriri,-0.98613251819151,34.5150794950696
East Kanyamkago,Uriri,-1.03126462092323,34.5701976784201
Masaba,Kuria West,-1.1382510715119,34.5471204480327
Ntimaru West,Kuria East,-1.34558990310833,34.6846746132023
Kalama,Machakos Town,-1.6445306355535,37.1966998151524
Mua,Machakos Town,-1.51589572968254,37.2000108534712
Mutituni,Machakos Town,-1.42343607410389,37.2456907267033
Mumbuni North,Machakos Town,-1.48363123884992,37.2553841023899
Kola,Machakos Town,-1.68596370180133,37.280594596214
Mbiuni,Mwala,-1.23881062873188,37.4168841324747
Masii,Mwala,-1.45862438885487,37.4291851131447
Muthetheni,Mwala,-1.50082160230888,37.5317696254717
Wamunyu,Mwala,-1.41444645661395,37.5816267653131
Kibauni,Mwala,-1.54544781383648,37.6711266521132
West Kasipul,Kasipul,-0.546012296215285,34.671029847855
South Kasipul,Kasipul,-0.52502297739699,34.7215783533234
Central Kasipul,Kasipul,-0.45434475193449,34.7064583520351
East Kamagak,Kasipul,-0.475724800680093,34.7705853515906
West Kamagak,Kasipul,-0.502952092877384,34.7421370897999
Kabondo East,Kabondo Kasipul,-0.427068914440345,34.9423414034994
Kabondo West,Kabondo Kasipul,-0.429079104240011,34.8613326883389
Kokwanyo/Kakelo,Kabondo Kasipul,-0.451227998401794,34.8008566029936
Kojwach,Kabondo Kasipul,-0.489949605216129,34.844659151347
Loiyamorock,Tiaty,0.87540219273431,36.0986113212592
BABA DOGO,RUARAKA,-1.24386114422925,36.8795853085594
East Sangalo,Kanduyi,0.493263672308653,34.6305619043886
Kongasis,Chepalungu,-0.837164138927056,35.2304235876421
Bukhayo North/Waltsi,Nambale,0.545235429282901,34.3469563891532
Angurai North,Teso North,0.676412640147681,34.3689884567513
Angurai South,Teso North,0.676412640147681,34.3689884567513
Angurai East,Teso North,0.735801158939265,34.3982499768266
Angorom,Teso South,0.477849468187461,34.1301233338425
Embobut / Embulot,Marakwet East,1.2094558422751,35.5763576055678
Ruguru/Ngandori,Manyatta,-0.421589241368466,37.4728962974795
Cherangany/Chebororwa,Marakwet West,0.969592434220307,35.392109444397
Moiben/Kuserwo,Marakwet West,0.928755489263776,35.4969736561162
Wangchieng,Karachuonyo,-0.368534743375125,34.7479304765279
Jara Jara,Balambala,0.0771601037054283,38.9707285126592
Labasigale,Dadaab,0.156394341741359,40.2324208600257
Kagaari South,Runyenjes,-0.491208436289282,37.6131044521084
Kagaari North,Runyenjes,-0.391435176303961,37.5238812266421
Marenyo - Shianda,Butere,0.182938147936378,34.5172753798384
Bulla Pesa,Isiolo North,0.340402597619694,37.5684926633231
Ewuaso Oonkidongi,Kajiado West,-1.3354932830045,36.4219752710434
Entonet/Lenkisim,Kajiado South,-2.5809263903869,37.2080303080345
Mbirikani/Eselenkei,Kajiado South,-2.16240904,37.54519782
Butali/Chegulo,Malava,0.495408818140672,34.8182357036025
Shirugu-Mugai,Malava,0.457281772144521,34.7896105245749
Mangu,Gatundu North,-0.992637373122759,36.9417673887123
Ingostse-Mathia,Navakholo,0.357568949,34.73176107
Kapsuser,Belgut,-0.361619284,35.22289608
Tinganga,Kiambu,-1.1391445948872,36.8550806467187
Kahawa Sukari,Ruiru,-1.19444513416723,36.9469062842528
Njukiini,Gichugu,-0.512505438893682,37.4011748549004
Ruruma,Rabai,-3.87980286556269,39.5856059720824
Sameta/Mokwerero,Bobasi,-0.780179751536468,34.7590533212895
Boochi/Tendere,Bomachoge Chache,-0.807140663764844,34.7210833226134
Bosoti/Sengera,Bomachoge Chache,-0.856763671511728,34.7074112667674
Shaurimoyo Kaloleni,Kisumu Central,-0.0987100029103803,34.7701915863282
Masogo/Nyangoma,Muhoroni,-0.125667627635208,35.0512530898994
Borabu / Chitago,South Mugirango,-0.909039396351541,34.6777686699608
Kisumu North,Kisumu West,-0.0391666482872004,34.7165257755394
Mutonguni,Kitui West,-0.83469874755485,38.5517913693104
Kwa Mutonga/Kithumula,Kitui West,-1.29271015949612,37.8784060500032
Mutito/Kaliku,Kitui East,-1.27366502961104,38.2987361584673
Pongwekikoneni,Lungalunga,-4.53598741487874,39.3290786624601
Mackinnon-Road,Kinango,-3.80146965858307,39.1205365734849
Ewalel Chapchap,Baringo Central,0.49368561510604,35.8049136122668
West Karachuonyo,Karachuonyo,-0.400878646202321,34.490221564899
North Karachuonyo,Karachuonyo,-0.36395853492737,34.5428601150966
Syokimau/Mulolongo,Mavoko,-1.36590758164296,36.9432619322176
Muvuti/Kiima-Kimwe,Machakos Town,-1.54125193394137,37.2926634979236
Makutano/ Mwala,Mwala,-1.34849649287346,37.4722940666961
Mitaboni,Kathiani,-1.36586809147345,37.2574923928298
Upper Kaewa/Iveti,Kathiani,-1.47523599755811,37.311565681729
Lower Kaewa/Kaani,Kathiani,-1.48164629335195,37.3498756082675
Waa,Matuga,-4.15519757326805,39.5946486425365
Gombatobongwe,Msambweni,-4.28442009336695,39.5333803684801
Olmoran,Laikipia West,0.561991653959446,36.3830789086803
Machakos Central,Machakos Town,-1.51138,37.279919
Muthwani,Mavoko,-1.365868,37.257492
Ndithini,Masinga,-0.980245,37.636065
Morothile,Mandera North,3.70364222962168,40.9590090297961
Rhamu-Dimtu,Mandera North,3.86048395516817,41.1939109499819
Shimbir Fatuma,Mandera South,2.98374785275295,40.5358571696988
Kalawa,Mbooni,-1.689190503883,37.7541516553439
Ukia,Kaiti,-1.84757924341817,37.3235174786097
Kee,Kaiti,-1.72992435020259,37.3602409996146
Kilungu,Kaiti,-1.79348782376925,37.3767077050649
Ilima,Kaiti,-1.83100215638215,37.4254209426698
Muvau/Kikuumini,Makueni,-1.85926604691618,37.6532484593896
Lag Sure,Mandera West,3.56941621058049,40.2115331180229
Kiliwehiri,Banissa,3.94581056288997,40.1120073857895
Akirangondu,Igembe Central,0.332702731653507,37.8852578830792
Igembe East,Igembe Central,0.249888922534324,38.0231659581169
Kiirua/Naari,Buuri,0.162508788601957,37.5642866803838
Mwanganthia,Central Imenti,-0.0297750651306817,37.7640488124095
Ruiri/Rwarera,Buuri,0.2079,37.604486
Wasweta Ii,Suna West,-1.09816049098338,34.4092531678299
North Kanyamkago,Uriri,-0.876951320078963,34.4140877779121
Kachieng,Nyatike,-0.805685713890855,34.147983669713
Bukira Centrl/Ikerege,Kuria West,-1.19746167343993,34.5619468098664
Makerero,Kuria West,-1.23038065024566,34.5071615073151
Mji Wa Kale/Makadara,Mvita,-4.030626,39.680877
Kutulo,Mandera South,2.53323620523976,40.7964669740338
Kamahuha,Maragwa,-0.841372753827061,37.171695851944
Ngararia,Kandara,-0.936994394668878,37.0270203178372
Murindati,Gilgil,-0.462232073600528,36.3523303845172
Ziwa La Ngombe,Nyali,-4.02760018850171,39.7115329390429
Kanyenyaini,Kangema,-0.698628589248571,36.8817407417062
Shimanzi/Ganjoni,Mvita,-4.01714,39.623202
Maunarok,Njoro,-0.621253366016951,35.9880321362313
Lakeview,Naivasha,-0.747605625826946,36.4491387207839
Maiella,Naivasha,-0.781686485768169,36.2371961723085
Ilkerin,Emurua Dikirr,-1.04385980261575,35.099253712364
Tindiret,Tinderet,-0.0403190509824698,35.3651054554366
Ollessos,Nandi Hills,0.180692439601622,35.3068860372655
Majimoto/Naroosura,Narok South,-1.40317062790507,35.8204969736495
Ololulunga,Narok South,-0.953602922898647,35.6586471361133
Ilmotiok,Narok West,-0.96761313269822,35.5021167259684
Kemera,Kitutu Masaba,-0.675680239814331,34.8303873425735
Ilchamus,Baringo South,0.521663429654089,36.0478711600946
Olpusimoru,Narok North,-0.591458608541687,35.7580302971425
Kabuoch South/Pala,Ndhiwa,-0.714450746,34.48154372
Kanyaluo,Karachuonyo,-0.446442075443237,34.6254888890856
Kagan,Rangwe,-0.515748217845566,34.6029230838994
Kochia,Rangwe,-0.516150653084907,34.5388713906676
Homa Bay Central,Homa Bay Town,-0.595672326864395,34.4867630051049
Homa Bay Arujo,Homa Bay Town,-0.58865063386686,34.4629810955462
Kwabwai,Ndhiwa,-0.771723737947597,34.2727478679963
Kanyadoto,Ndhiwa,-0.790340584062004,34.3421297206343
Kanyikela,Ndhiwa,-0.792979096482148,34.3772857076885
Kanyamwa Kosewe,Ndhiwa,-0.700554811472161,34.3538828093722
KASGUNGA,SUBA NORTH,-0.470918229561864,34.2287288096009
Chavakali,Sabatia,0.110590488984573,34.7146302772726
Busali,Sabatia,0.139129764799409,34.7977482880515
Shiru,Hamisi,0.164728848043357,34.8800110360272
Gisambai,Hamisi,0.0546301599993987,34.768561319462
Muhudu,Hamisi,0.156577072590289,34.8355476617303
Tambua,Hamisi,0.0192120501852285,34.7789690106274
Luanda South,Luanda,-0.013341258229834,34.5694352617752
North East Bunyore,Emuhaya,0.0980084254767748,34.6526559189457
Banja,Hamisi,0.057550011537893,34.8220030320288
South Maragoli,Vihiga,0.00189473976834055,34.6911558588001
Shamakhokho,Hamisi,0.0975994345099919,34.8336578802611
CHEPTAIS,MT. ELGON,0.832666377552086,34.4476771157149
KAPTAMA,MT. ELGON,0.962680439130332,34.6085565188799
Malakisi/South Kulisiru,Sirisia,0.723756676396433,34.4857126336499
West Nalondo,Kabuchai,0.629511446261781,34.5773166312457
Mukuyuni,Kabuchai,0.758926650972878,34.6206455112824
Kabula,Bumula,0.480507335524811,34.5244197620424
Kimaeti,Bumula,0.603412673682741,34.4052704215559
Siboti,Bumula,0.648978680297746,34.4661962005924
Bukembe West,Kanduyi,0.577794598145602,34.6071466136816
Bokoli,Webuye West,0.675855014752369,34.6761536296817
Kibingei,Kimilili,0.775938043872517,34.6799093580452
Kimilili,Kimilili,0.751132961219076,34.7293712590555
Maeni,Kimilili,0.803101048395706,34.7481317340703
Kamukuywa,Kimilili,0.801352747975777,34.788402657006
Mbakalo,Tongaren,0.708228617472716,34.8583204190762
Naitiri/Kabuyefwe,Tongaren,0.764676375157667,34.9036407307261
Milima,Tongaren,0.774422357280958,34.8455743131814
Ndalu/ Tabani,Tongaren,0.849271466143245,34.9778515730318
Tongaren,Tongaren,0.792547956700108,34.9606675177643
Soysambu/ Mitua,Tongaren,0.780917018478301,35.0275235185079
Mautuma,Lugari,0.719141276088231,35.0047631228117
Lugari,Lugari,0.675865884148061,34.9260537835735
Lumakanda,Lugari,0.644315420646168,34.9906039379933
Chekalini,Lugari,0.623393091408421,34.9046797204811
Chevaywa,Lugari,0.527537876579653,34.7600160702023
Lwandeti,Lugari,0.60635873130974,34.8457936051597
Sango,Likuyani,0.733861280857172,35.0768746862459
Kongoni,Likuyani,0.774279343725746,35.1264555382519
Nzoia,Likuyani,0.823530496837175,35.0739084565818
Sinoko,Likuyani,0.868095956087692,35.0662212881259
West Kabras,Malava,0.414970179895417,34.7555895842113
Chemuche,Malava,0.436743446307369,34.8839920228666
East Kabras,Malava,0.397978542659639,34.9028059593762
Manda-Shivanga,Malava,0.532158791054892,34.8611040281347
South Kabras,Malava,0.374555646698904,34.8085357482502
Butsotso East,Lurambi,0.322991701003036,34.7459201854637
Butsotso South,Lurambi,0.232845243010818,34.6254049787868
Butsotso Central,Lurambi,0.275892787203713,34.6739069754566
Sheywe,Lurambi,0.29839921849163,34.7515522535311
Mahiakalo,Lurambi,0.294467379318407,34.776988430483
Shirere,Lurambi,0.263303894045712,34.7434944372157
Bunyala East,Navakholo,0.452132214977157,34.7060563705089
Mumias Central,Mumias West,0.326583491242524,34.4598028560312
Kipevu,Changamwe,-4.03748425964486,39.6307186362942
North Kadem,Nyatike,-0.907556349028038,34.2508628224361
Macalder/Kanyarwanda,Nyatike,-0.980458755378462,34.2655498395242
Kaler,Nyatike,-1.07460011102738,34.2345978240259
Got Kachola,Nyatike,-1.00709462995251,34.1887620402235
Muhuru,Nyatike,-1.02506376448341,34.1199597615197
Bukira East,Kuria West,-1.19764071045633,34.6129245118879
Isibania,Kuria West,-1.23793170364707,34.4783878134132
Airport,Changamwe,-4.0334157140816,39.6055814504286
Faza,Lamu East,-2.10360206059361,41.0718955702313
Kiunga,Lamu East,-1.80084403693345,41.3719801151612
Basuba,Lamu East,-1.83235554750485,41.031618432058
Hindi,Lamu West,-2.03489907287116,40.736450133381
SALA,LAFEY,-0.583961604550945,39.6128916336702
Hongwe,Lamu West,-2.38116837831181,40.6244252706758
East Wanga,Mumias East,0.347687060012157,34.5713133043242
Koyonzo,Matungu,0.368871217598997,34.4160350575201
Kholera,Matungu,0.42486776427201,34.5019384160603
Tagare,Kuria West,-1.16898030765608,34.4737616093369
Nyamosense/Komosoko,Kuria West,-1.18026949978294,34.4256844516995
Gokeharaka/Getambwega,Kuria East,-1.26089717628868,34.5634673544922
Ntimaru East,Kuria East,-1.31468255441857,34.6971999899276
Nyabasi East,Kuria East,-1.26390981597345,34.6682203491066
East Kamagambo,Rongo,-0.734868013469625,34.5728509329158
Kivaa,Masinga,-0.934452165789424,37.7652724333656
Masinga Central,Masinga,-0.980245205106851,37.6360651291755
Ekalakala,Masinga,-0.986728684094786,37.5130107862459
Muthesya,Masinga,-0.929801470669025,37.4017358179233
Ndalani,Yatta,-1.05994729474756,37.4598797903179
Matuu,Yatta,-1.13979787462636,37.5600657641511
Kithimani,Yatta,-1.16918466417032,37.4574338406945
Ikombe,Yatta,-1.27730418267571,37.622499817989
Katangi,Yatta,-1.42073269330848,37.7277076728302
Kangundo North,Kangundo,-1.29321611718668,37.378926670137
Kangundo Central,Kangundo,-1.31393223605341,37.345944182986
Kangundo East,Kangundo,-1.36151789153912,37.3828689452522
Kangundo West,Kangundo,-1.36074000050995,37.3236097553647
Matungulu North,Matungulu,-1.1442847294507,37.2890121261011
Matungulu East,Matungulu,-1.21256040190315,37.3423766170855
Matungulu West,Matungulu,-1.26736630530049,37.2100261858014
Kyeleni,Matungulu,-1.14989005344111,37.2102784219074
Kathiani Central,Kathiani,-1.41414563726775,37.3054823554003
Athi River,Mavoko,-1.46275441366787,36.9493539253176
Kinanie,Mavoko,-1.49097268743413,37.0720654911311
Kibiri,Karachuonyo,-0.432910797070448,34.5563554385181
Kendu Bay Town,Karachuonyo,-0.388551154519898,34.6654203706027
Homa Bay West,Homa Bay Town,-0.590325195451837,34.4461594893321
Kanyamwa Kologi,Ndhiwa,-0.637053584634734,34.4110921291713
GEMBE,SUBA NORTH,-0.50183807687794,34.3021612059639
LAMBWE,SUBA NORTH,-0.548783934240581,34.3619687558141
GWASSI SOUTH,SUBA SOUTH,-0.705260859304775,34.156193058958
GWASSI NORTH,SUBA SOUTH,-0.653248110704407,34.1038547883226
Waberi,Garissa Township,-0.496140878695328,39.8107216017065
Balambala,Balambala,0.178202071830127,39.2006888000208
Danyere,Balambala,0.132080806526107,38.8432830980707
Saka,Balambala,-0.0437525404400657,39.3033136303001
Sankuri,Balambala,-0.203316973067576,39.6183155547287
Modogashe,Lagdera,0.562694916417994,39.0843467513138
Goreale,Lagdera,0.296459241975066,39.6763260765347
Changamwe,Changamwe,-4.01714016712602,39.6232020006538
Lugaga-Wamuluma,Vihiga,0.0667267196745353,34.6994481348486
Central Maragoli,Vihiga,0.0457020573468322,34.7181965558543
Lyaduywa/Izava,Sabatia,0.0946239211841962,34.7197298192701
West Sabatia,Sabatia,0.128187111407536,34.7262909943371
Nanighi,Fafi,-0.754173510221327,40.0999429782629
Hulugho,Ijara,-1.33864297185264,41.1514073133743
Sangailu,Ijara,-1.41847087812939,40.7527161326708
North Maragoli,Sabatia,0.092643125296665,34.7632975711877
Wodanga,Sabatia,0.103236247812085,34.7939527135756
Luanda Township,Luanda,0.0306461789116898,34.5978337607173
Wemilabi,Luanda,0.0534380363237185,34.6399787854092
Mwibona,Luanda,0.017599669827019,34.5628648448015
Malkagufu,Wajir North,2.63933340462301,39.4877088357808
Batalu,Wajir North,2.89235149036965,39.743412427232
Emabungo,Luanda,0.0201296403510086,34.6261392080007
Godoma,Wajir North,3.34827568218431,39.3596722134181
Central Bunyore,Emuhaya,0.0840580794164186,34.6112745921539
West Bunyore,Emuhaya,0.0734787358976784,34.5791730709263
Khorof/Harar,Wajir East,1.9556233312332,40.6863439923777
Elben,Tarbaj,2.66669734259133,40.2805457805208
Sarman,Tarbaj,2.62603663666228,39.9971826418333
Tarbaj,Tarbaj,2.05949399636833,40.0948534177304
Jomvu Kuu,Jomvu,-3.98764212200154,39.5965647050333
Mungoma,Vihiga,0.022698896344885,34.6638303325454
CHESIKAKI,MT. ELGON,0.805540183705197,34.5021840289957
CHEPYUK,MT. ELGON,0.863096488916044,34.5655609142478
ELGON,MT. ELGON,0.837843231711691,34.6954477605947
Kisa North,Khwisero,0.16670916330591,34.6282764917169
Nambale Township,Nambale,0.465835241841969,34.2533251881115
Bukhayo East,Nambale,0.483184541838615,34.3550925845434
Bukhayo Central,Nambale,0.427547052920389,34.3028050417628
Bukhayo West,Matayos,0.41636524638972,34.1499361177774
Rhamu,Mandera North,3.86048395516817,41.1939109499819
Elwak South,Mandera South,2.82915855921188,40.8519922813894
Arabia,Mandera East,3.63453339017121,41.5402625123649
Butiye,Moyale,3.42248918890443,38.9823813926387
Sololo,Moyale,3.55367065523457,38.6861939016155
HEILLU/MANYATTA,MOYALE,3.4989016607654,39.1119133083623
Golbo,Moyale,3.18236853977384,39.1350353323973
North Horr,North Horr,3.49482238264484,36.80513607563
Illeret,North Horr,4.10737405986935,36.4463997811717
Sagante/Jaldesa,Saku,2.34990465665759,38.0657240193747
Matayos South,Matayos,0.364602004051154,34.1900245894118
Busibwabo,Matayos,0.41826287233073,34.2050707051186
Burumba,Matayos,0.451720217320819,34.1139838225808
Laisamis,Laisamis,1.59725225993367,37.9261989710493
Maua,Igembe South,0.241246008429196,37.9485455645981
Kiegoi/Antubochiu,Igembe South,0.225033839479256,37.9208932203064
Athiru Gaiti,Igembe South,0.205461855217992,38.0124881130884
Akachiu,Igembe South,0.143646575952139,37.9432644080592
Kanuni,Igembe South,0.142808688479831,37.9945846525513
Athiru Ruujine,Igembe Central,0.121644365561264,38.1840195332212
Njia,Igembe Central,0.411184495613195,37.7965992581651
Kangeta,Igembe Central,0.329092835172297,37.8109646753096
Antuambui,Igembe North,0.461248101996585,37.8883386483859
Ntunene,Igembe North,0.439530349256265,37.8365913371971
Naathu,Igembe North,0.512535972563013,37.9548350678076
Amwathi,Igembe North,0.485263452011013,38.0562409701278
Athwana,Tigania West,0.318807969670672,37.6538608629712
Akithii,Tigania West,0.196792025247712,37.742547808817
Kianjai,Tigania West,0.200556282779428,37.6907630386021
Nkomo,Tigania West,0.125084193284701,37.7422480425564
Mbeu,Tigania West,0.053000103779965,37.8215502607552
Mikinduri,Tigania East,0.0844090408132986,37.8578002781139
Kiguchwa,Tigania East,0.173492792238808,37.8588304236536
Muthara,Tigania East,0.348181873306957,37.7013594530124
Karama,Tigania East,0.333529782871397,37.7671793203609
Municipality,North Imenti,0.0569491889530214,37.6397654291972
Ntima East,North Imenti,0.0351437522670332,37.671840174883
Ntima West,North Imenti,0.0757513956805856,37.6524755307724
Nyaki West,North Imenti,0.0832724840118454,37.6762858173323
Nyaki East,North Imenti,0.0333244686570704,37.7694325204377
Kisima,Buuri,0.147737662753431,37.3939887631613
Abothuguchi Central,Central Imenti,-0.0244770468227883,37.6806777385775
Abothuguchi West,Central Imenti,-0.0168076995078997,37.4686764805159
Kiagu,Central Imenti,-0.0667133446244207,37.8200046532503
Kibirichia,Buuri,0.128200959554735,37.5247286868443
Igoji East,South Imenti,-0.176233692977987,37.6993128598333
Igoji West,South Imenti,-0.178338425693807,37.6211098088303
Abogeta East,South Imenti,-0.126030637687475,37.7068007537597
Abogeta West,South Imenti,-0.125053864401372,37.5081053475816
Nkuene,South Imenti,-0.0507795669056767,37.3366323508806
Namwela,Sirisia,0.752675246607619,34.5432755461492
Kabuchai/Chwele,Kabuchai,0.705375619178298,34.5762286786078
Bwake/Luuya,Kabuchai,0.659119599270803,34.6294066977206
Mumoni,Mwingi North,-0.596966080576991,38.0012201717758
Tseikuru,Mwingi North,-0.258408839455337,38.3447236960487
Tharaka,Mwingi North,-0.366580349784707,38.0472585431808
Kyome/Thaana,Mwingi West,-0.982104863476623,37.9344781014237
Nguutani,Mwingi West,-1.09473060297295,37.9234745732347
Migwani,Mwingi West,-1.08066442349246,38.0789692549257
Kiomo/Kyethani,Mwingi West,-0.871503897278463,37.9715822441998
Kivou,Mwingi Central,-0.920073227417356,38.1310149525072
Nguni,Mwingi Central,-0.83469874755485,38.5517913693104
Nuu,Mwingi Central,-1.04216734452458,38.5276951705113
Mui,Mwingi Central,-1.03594660861344,38.2271869557976
South Bukusu,Bumula,0.533131609206977,34.4889557096191
Nakalale,Turkana North,3.67406556600826,35.1723288250846
Kwavonza/Yatta,Kitui Rural,-1.34998762707321,37.7688274663294
Kanyangi,Kitui Rural,-1.77276122065038,37.9295682518386
Miambani,Kitui Central,-1.23390185833329,38.1078217135001
Kyangwithya West,Kitui Central,-1.41309982545764,37.9275794083993
Riwo,Kapenguria,1.43209672165543,35.0433686789161
Suam,Kacheliba,1.45380548418499,34.9053901876589
Kodich,Kacheliba,1.62257359819183,35.047285839154
Kasei,Kacheliba,1.9718595483794,35.2592255568193
KAPCHOK,KACHELIBA,1.81768132104123,35.0850934887928
Kiwawa,Kacheliba,2.11923224394494,35.127284140225
Miritini,Jomvu,-4.01798071096376,39.5852979935191
Chaik,Belgut,-0.406063327158631,35.311098018465
Bumula,Bumula,0.531244289355485,34.4360620476056
Khasoko,Bumula,0.483174864088508,34.4219161063347
Bute,Wajir North,3.26382494936167,39.4528430932368
Nzambani,Kitui East,-1.4222904784651,38.0502360889126
West Bukusu,Bumula,0.596621610614786,34.4784436580958
Khalaba,Kanduyi,0.572148603969927,34.5608972458537
Khalaba,Matungu,0.572148603969927,34.5608972458537
Musikoma,Kanduyi,0.544570455369072,34.5356344310884
Marakaru/Tuuti,Kanduyi,0.642379325754425,34.5274434593274
WEST SANG'ALO,KANDUYI,0.51170076039841,34.586172051544
Mihuu,Webuye East,0.643458596723753,34.7901456861424
Ndivisi,Webuye East,0.708413917706559,34.7963810744179
Maraka,Webuye East,0.577300354397218,34.7577164983822
Misikhu,Webuye West,0.693720890982238,34.7213176123385
Sitikho,Webuye West,0.532721772205723,34.69848962538
Matulo,Webuye West,0.617909299802495,34.7365717653549
HIRIMANI,BURA,-0.98934886346089,39.3501782484754
Mnarani,Kilifi North,-3.69586017656662,39.8246962841263
Mumias North,Mumias West,0.357742881089498,34.5241894074678
Ikutha,Kitui South,-2.05645544149901,38.2259374564044
Athi,Kitui South,-2.44753427124774,38.5395324157564
Mbooni,Mbooni,-1.64884253542589,37.4404529282742
Kithungo/Kitundu,Mbooni,-1.68863439536514,37.4774582905532
Waia/Kako,Mbooni,-1.66211786501103,37.6221310485125
Kasikeu,Kilome,-1.95231940584355,37.3560756526708
Mukaa,Kilome,-1.84757924341817,37.3235174786097
Kiima Kiu/Kalanzoni,Kilome,-1.83493230403553,37.224454710012
Wote,Makueni,-1.7938655207357,37.5985236642739
Mavindini,Makueni,-1.85691057733304,37.8103283015267
Kitise/Kithuki,Makueni,-2.02783728499852,37.8761516202238
Kathonzweni,Makueni,-1.98478710193753,37.7497668016902
Nzaui/Kilili/Kalamba,Makueni,-1.91553725914803,37.5379990823723
Makindu,Kibwezi West,-2.2201985539933,37.7928835885548
Nguumo,Kibwezi West,-2.3350638531713,37.8858942546761
Kikumbulyu North,Kibwezi West,-2.26372398204285,38.0223942155395
Kikumbulyu South,Kibwezi West,-2.36582055357777,37.9950663832988
Nguu/Masumba,Kibwezi West,-2.06905865493416,37.6317576963436
Etenje,Mumias West,0.273568800754404,34.431458371892
Musanda,Mumias West,0.222413041822699,34.4352809352419
BOMANI,TAVETA,-3.41031486333519,37.686787482158
Jarajila,Fafi,-0.397173600009394,40.7497694984682
Fafi,Fafi,-0.436717608347716,40.2845392106946
Korondile,Wajir North,2.77520864066695,39.2251574068211
Elnur/Tula Tula,Eldas,2.21239530460655,39.4846958470251
Takaba South,Mandera West,3.23789559962945,40.3223904945176
Takaba,Mandera West,3.50372824148567,40.077650918882
Benane,Lagdera,0.598801446093328,40.3999591986971
Benane,Wajir South,0.598801446093328,40.3999591986971
Burder,Wajir South,1.22276729044919,40.5246521985525
Junju,Kilifi South,-3.82713347404696,39.7776310726651
Mayoni,Matungu,0.376088448890304,34.460604905553
Namamali,Matungu,0.439136789172168,34.4050300692972
Marama West,Butere,0.243708858611241,34.5664299981255
Marama Central,Butere,0.249694898004018,34.4969504101786
Marama North,Butere,0.204818774242924,34.5804216067234
Marama South,Butere,0.17697867885897,34.4586013319484
Kisa East,Khwisero,0.13678095549924,34.6327658947322
Kisa West,Khwisero,0.131649000737358,34.49853961008
Kisa Central,Khwisero,0.14560574304107,34.5624819571328
Isukha North,Shinyalu,0.358021880400071,34.8837708187677
Murhanda,Shinyalu,0.266533984608171,34.8104067640753
Isukha Central,Shinyalu,0.22408829305036,34.8230982046584
Isukha South,Shinyalu,0.206137362559028,34.7819381164307
Isukha East,Shinyalu,0.278959035836186,34.8935464191323
Isukha West,Shinyalu,0.230425420415465,34.7377461974753
Idakho South,Ikolomani,0.150868698377817,34.7032900645091
Idakho East,Ikolomani,0.16720569504009,34.7619190818552
Idakho North,Ikolomani,0.227201802278271,34.6786733493759
Idakho Central,Ikolomani,0.190368941996577,34.6888471261043
Malaba Central,Teso North,0.628890193531637,34.2883086036847
Malaba North,Teso North,0.656727848334554,34.3192057996143
Malaba South,Teso North,0.607857889183948,34.3133956022414
Chakol North,Teso South,0.557838227411871,34.1849584837666
Amukura West,Teso South,0.592670414876605,34.2189267028003
Amukura East,Teso South,0.547372006742775,34.3002243619012
Mbitini,Kitui Rural,-1.55178116806991,38.0839166128873
Mbitini,Makueni,-1.55178116806991,38.0839166128873
KANJUIRI RANGE,OL KALOU,-0.300622322915252,36.2692099770325
Amukura Central,Teso South,0.527542901133015,34.2475145514527
Zombe/Mwitika,Kitui East,-1.44967452632958,38.2889399988808
Moyale Township,Moyale,3.52138976156955,39.0536369016817
Uran,Moyale,3.07680778589853,38.5892319194916
Obbu,Moyale,3.10021675740216,38.8189256056741
Maikona,North Horr,3.2213212253958,37.7247798066467
Wargadud,Tarbaj,3.08772101345223,40.8068639979524
WARGADUD,MANDERA SOUTH,3.08772101345223,40.8068639979524
Karare,Saku,2.24996598736668,37.8838256546333
Marsabit Central,Saku,2.4431093139543,37.9155186132993
Loiyangalani,Laisamis,2.89963546279672,36.7178054306154
Mayenje,Matayos,0.427114061966063,34.1050820082452
Marachi West,Butula,0.304515498934317,34.2088422266001
Mutithi,Mwea,-0.698593280223603,37.2801473857631
Kangai,Mwea,-0.61767397188402,37.298262411559
Thiba,Mwea,-0.678238729040239,37.3291066889411
Wamumu,Mwea,-0.737138777939795,37.3760272787945
Nyangati,Mwea,-0.592257641367188,37.348144926007
Murinduko,Mwea,-0.617922724160158,37.4354618224449
Gathigiriri,Mwea,-0.660044737152972,37.3918197832572
Tebere,Mwea,-0.69444476362016,37.4011497217226
Kabare,Gichugu,-0.48562308361926,37.3156867770772
Baragwi,Gichugu,-0.507014174244391,37.34682764191
Ngariama,Gichugu,-0.445571581023463,37.3985518534473
Karumandi,Gichugu,-0.446248434546795,37.3509678452479
Mukure,Ndia,-0.511342362978775,37.2159580111644
Kiine,Ndia,-0.556356601850986,37.2043377569165
Kariti,Ndia,-0.619972383220822,37.1932214864937
Marachi East,Butula,0.381169469293413,34.3726259236855
Marachi North,Butula,0.340215812519325,34.3483981071339
Elugulu,Butula,0.364543075532007,34.3083784652747
Namboboto Nambuku,Funyula,0.316189669292502,34.1073565096384
Nangina,Funyula,0.273316262108378,34.115758750008
Bwiri,Funyula,0.174716326313482,34.0548844738005
Kiru,Mathioya,-0.633020568113318,36.8073672897693
Kamacharia,Mathioya,-0.603579399083894,37.0081754887904
Wangu,Kiharu,-0.718905372530823,37.0252142455295
Mugoiri,Kiharu,-0.758690438645185,37.0342971760886
Mbiri,Kiharu,-0.73362326590148,37.1903625889586
Murarandia,Kiharu,-0.733786397612233,36.9255302881845
Elburgon,Molo,-0.30113700888705,35.7913669154935
Njoro,Njoro,-0.343999178887293,35.9445827506099
Hells Gate,Naivasha,-0.804356378805883,36.4757635301029
Gaturi,Kiharu,-0.663333946487546,37.1182552665224
Kahumbu,Kigumo,-0.860196113920541,37.0818394512487
Amalo,Kuresoi South,-0.622362142933332,35.6636364382521
Keringet,Kuresoi South,-0.460623707452845,35.6978268831234
Kiptagich,Kuresoi South,-0.582936573805176,35.6090683963619
Tinet,Kuresoi South,-0.482077153583876,35.5961980420385
Kaeris,Turkana North,3.94930617660365,35.4334700746288
Kaaleng/Kaikor,Turkana North,4.56490407718042,35.2692323005233
Kigumo,Kigumo,-0.812363403185247,36.9906067333248
Kinyona,Kigumo,-0.759813788770914,36.8913343156877
Kimorori/Wempa,Maragwa,-0.950730601784744,37.165441126076
Makuyu,Maragwa,-0.915054099951935,37.242156820187
Kambiti,Maragwa,-0.809716468101656,37.219009829528
Ichagaki,Maragwa,-0.809043155650105,37.1217820105435
Muruka,Kandara,-0.927436924389446,37.0562816588703
Kagundu-Ini,Kandara,-0.906429263708707,37.0713414856153
Gaichanjiru,Kandara,-0.872181998332558,37.0498893219669
Ithiru,Kandara,-0.881397097179064,36.9883682561158
Ruchu,Kandara,-0.832237601350461,36.9214502179834
Ithanga,Gatanga,-0.994350483253722,37.3483534003394
Kakuzi/Mitubiri,Gatanga,-1.01970153072767,37.2385641929813
Kingandole,Butula,0.353861415648874,34.2345263423406
Lopur,Turkana West,3.88240959682017,34.9803609083654
Letea,Turkana West,3.37399334507589,34.7005471219176
Songot,Turkana West,4.1640340033484,34.7959107870017
Kihumbu-Ini,Gatanga,-0.922247059724531,36.9751032993559
Gatanga,Gatanga,-0.913727531048063,36.924984739224
Kariara,Gatanga,-0.817163268878618,36.807785711738
Masalani,Ijara,-1.74857665224166,40.281302486788
Ziwa,Soy,0.832609915083637,35.2684669049951
Soy,Soy,0.713369776321666,35.2447569417618
Kuinet/Kapsuswa,Soy,0.62562742750675,35.2975999465905
Ngenyilel,Turbo,0.580805426548186,34.949741771615
Tapsagoi,Turbo,0.592835292560735,35.0715816914627
Kamagut,Turbo,0.592576363430931,35.1571899708805
Kiplombe,Turbo,0.625241766014942,35.2298104341688
Gurar,Wajir North,3.37582675295782,39.6452424704925
Waita,Mwingi Central,-0.80018327867537,38.1445569171271
Kauwi,Kitui West,-1.19649308151304,37.8462102812537
Matinyani,Kitui West,-1.29921954443912,37.9833043275045
Voo/Kyamatu,Kitui East,-1.58533928422561,38.4234466174876
Endau/Malalani,Kitui East,-1.28381256341692,38.7204924858554
Ikanga/Kyatune,Kitui South,-1.73142107640436,38.0805994340791
Emali/Mulala,Kibwezi West,-2.04032914160643,37.5083022035411
Masongaleni,Kibwezi East,-2.45866761045655,38.1667534866661
Mtito Andei,Kibwezi East,-2.70761288774083,38.2931444311783
Thange,Kibwezi East,-2.50395303163228,37.8883489883203
Ivingoni/Nzambani,Kibwezi East,-2.65470155434403,38.0449410953509
Mutira,Kirinyaga Central,-0.46660047903116,37.2337989592075
KANYEKINI,KIRINYAGA CENTRAL,-0.554198011358308,37.2771871619585
Kerugoya,Kirinyaga Central,-0.498084240361815,37.28449519958
Inoi,Kirinyaga Central,-0.340236842788506,37.3074389488953
Kerio Delta,Turkana Central,2.84800500959488,36.069070765871
Kalokol,Turkana Central,3.45310419681016,35.7120261834297
MATHARE NORTH,RUARAKA,-1.25325694601468,36.8706504878812
Marachi Central,Butula,0.345724386985048,34.2732356882213
Bunyala Central,Budalangi,0.0683936619898165,34.0412312323188
IMARA DAIMA,EMBAKASI SOUTH,-1.32129072485932,36.8768345039347
Tembelio,Moiben,0.559962483787683,35.42012259635
Sergoit,Moiben,0.63920185329145,35.3681302464692
Karuna/Meibeki,Moiben,0.8197157439638,35.438529202606
Moiben,Moiben,0.773154571931729,35.3669730865294
Kimumu,Moiben,0.550404536921216,35.2882712175957
Kapsoya,Ainabkoi,0.510004568893252,35.3259557226799
Kaptagat,Ainabkoi,0.41975487225717,35.4237351550415
Ainabkoi/Olare,Ainabkoi,0.204144657726709,35.4996982643127
Kipkenyo,Kapseret,0.516542668763659,35.241663391216
Bunyala North,Budalangi,0.133791366388838,34.0374663584837
Bunyala West,Budalangi,0.0971940149964634,33.982743349682
Bunyala West,Navakholo,0.0971940149964634,33.982743349682
Bunyala South,Budalangi,0.0332184080538469,34.0052714408237
Mariashoni,Molo,-0.405894603458605,35.8121316977809
Turi,Molo,-0.299373077864418,35.7382598937439
Molo,Molo,-0.224893542809201,35.7649287713216
Mauche,Njoro,-0.506394041248521,35.9454553784409
Kihingo,Njoro,-0.470828737607656,36.0223795091839
Nessuit,Njoro,-0.405645898109565,35.8918880188056
Lare,Njoro,-0.418403887250972,36.0072930664892
Kilgoris Central,Kilgoris,-1.0018480983437,34.9341337563776
MAI MAHIU,NAIVASHA,-1.00703538378867,36.4828321104397
Olkaria,Naivasha,-0.899058272995337,36.362957129167
Naivasha East,Naivasha,-0.804377275519724,36.5208520622668
Gilgil,Gilgil,-0.472096192655523,36.2999566089359
Elementaita,Gilgil,-0.584896238559363,36.1045287619921
Mbaruk/Eburu,Gilgil,-0.518502461600086,36.2330806533121
Malewa West,Gilgil,-0.669516909369998,36.3721845345076
Kibish,Turkana North,5.12411153644521,35.4430483794788
Lokichoggio,Turkana West,4.24326113428312,34.2215686752079
Turkwel,Loima,3.1741262109949,35.3135200846883
Lokiriama/Lorengippi,Loima,2.72988316206305,34.8733592316564
Kaputir,Turkana South,2.16001599641826,35.3832456680169
Lobokat,Turkana South,1.89043849316042,35.6112395262249
Kalapata,Turkana South,2.43138964232218,35.9763836990309
Kapenguria,Kapenguria,1.31443337336224,35.1202389386132
Mnagei,Kapenguria,1.25397511124255,35.0545401005967
Siyoi,Kapenguria,1.21965769360796,35.1650783725363
Endugh,Kapenguria,1.73963014180445,35.2626773609088
Sook,Kapenguria,1.58747415123821,35.3018386751612
Sekerr,Sigor,1.70228491952729,35.4345013310079
Masool,Sigor,1.6015746819934,35.6486293800079
Danaba,Wajir North,3.11062143573814,39.7714314503145
Lomut,Sigor,1.38079513957015,35.592848402612
Olorropil,Narok North,-0.768592767669627,35.9667854159043
Melelo,Narok South,-0.876137433174885,35.6256763040816
Loita,Narok South,-1.84994382893111,35.8565857838261
Sogoo,Narok South,-0.818276400768674,35.6037718213837
Sagamian,Narok South,-0.704980631547316,35.5296667675146
Mara,Narok West,-1.17643423193117,35.2476260240145
Siana,Narok West,-1.4222030077958,35.3819724106345
Kapomboi,Kwanza,1.11491664300505,34.9336588332686
Kwanza,Kwanza,1.13642555185741,35.0320824460737
Mwawesa,Rabai,-3.92847606545223,39.6185941224372
Kinyoro,Saboti,0.995421569050141,34.8316237753636
Matisi,Saboti,0.996662489441633,34.974659056614
Mjambere,Kisauni,-4.03062685796228,39.6808771769439
Naikarra,Narok West,-1.67884004339662,35.546330475406
Ikinu,Githunguri,-1.1062655119256,36.804700979301
Ngewa,Githunguri,-1.08086900765312,36.83870698089
Komothai,Githunguri,-1.04055758546665,36.8357775356861
Ndumberi,Kiambu,-1.16120042620041,36.8017292189882
Riabai,Kiambu,-1.16266072715953,36.8374219951803
Cianda,Kiambaa,-1.13371696711785,36.7627238909511
Karuri,Kiambaa,-1.17293124828917,36.7526661447375
Ndenderu,Kiambaa,-1.19848929872083,36.7465003786179
Muchatha,Kiambaa,-1.18696856823964,36.7811500842638
Kihara,Kiambaa,-1.21651986483728,36.7674105173297
Kiptororo,Kuresoi North,-0.348926332684732,35.506288208248
Nyota,Kuresoi North,-0.354089797643349,35.6321815901557
Sirikwa,Kuresoi North,-0.267230358911184,35.6773007483842
Gitaru,Kabete,-1.2329204234242,36.689693038338
Muguga,Kabete,-1.20540654567784,36.6743850994187
Nyadhuna,Kabete,-1.20189957290253,36.7089698500679
Kabete,Kabete,-1.23060533968524,36.7251526908732
Ibrahim Ure,Wajir South,1.57212329866788,40.4519626471156
Menengai West,Rongai,-0.207236225969674,35.9984119439405
Kinale,Lari,-0.878168608750325,36.6513822966269
Nyanduma,Lari,-0.991415140598122,36.7355324467881
Kamburu,Lari,-1.02929747720887,36.7422600249913
Lari/Kirenga,Lari,-1.03032131105796,36.6390760996891
Kiamwangi,Gatundu South,-1.03242960110845,36.8728427216447
Kiganjo,Gatundu South,-0.978770354618798,36.80105911468
Ndarugu,Gatundu South,-0.943352318069905,36.8042462252329
Ngenda,Gatundu South,-1.0129244748507,36.9038079011002
Gituamba,Gatundu North,-0.900789746963295,36.850037228852
Githobokoni,Gatundu North,-0.878204393502569,36.7454310957691
Chania,Gatundu North,-0.960259708276925,36.9270365691137
Murera,Juja,-1.09597181066341,36.9398355462512
Theta,Juja,-1.15552489059413,37.0157332394014
Juja,Juja,-1.0768732463833,36.9860163300559
Witeithie,Juja,-1.06769727633193,37.0343153847595
Kalimoni,Juja,-1.148573307029,37.1008211582328
Kamenu,Thika Town,-1.07645699890559,37.1282485803729
Dundori,Bahati,-0.245366690452624,36.2009013134102
Magogoni,Kisauni,-4.01958852441502,39.6862787754114
Ukunda,Msambweni,-4.3111048296913,39.559734254379
Kinondo,Msambweni,-4.3794293047432,39.4945285712463
Ramisi,Msambweni,-4.46389643865162,39.4139794053785
Dzombo,Lungalunga,-4.45339421138854,39.219452685919
Mwereni,Lungalunga,-4.27803588619893,38.8597663579654
Vanga,Lungalunga,-4.57302300499881,39.1491765137203
Kabatini,Bahati,-0.209180912620879,36.1582612496094
Tsimba Golini,Matuga,-4.16449081378244,39.506188628003
Kamara,Kuresoi North,-0.144947646512396,35.6704208180564
Tiwi,Matuga,-4.23020755126926,39.5638148707224
Kubo South,Matuga,-4.30464242924684,39.3727192762276
Kapyego,Marakwet East,1.12101250035871,35.5059348930124
Sambirir,Marakwet East,1.06579290770619,35.616806442279
Mkongani,Matuga,-4.25780262475505,39.2844062750221
NDAVAYA,KINANGO,-4.18969462112127,39.1058720481994
Puma,Kinango,-4.05782509933656,39.0521489430362
Kinango,Kinango,-4.08754200279409,39.4259330070892
Chengoni/Samburu,Kinango,-3.77835243396208,39.26609768931
Mwavumbo,Kinango,-3.90076842770495,39.4081048116368
Kiamaina,Bahati,-0.231372618746414,36.0883350402646
Kasemeni,Kinango,-3.99992134246093,39.4367939557824
Gatuanyaga,Thika Town,-1.08183454767561,37.1794903090418
Ngoliba,Thika Town,-1.06540287163034,37.2909332568984
Gitothua,Ruiru,-1.13151341129486,36.9133565990976
Kimulot,Konoin,-0.533682825466959,35.25602077794
Mogogosiek,Konoin,-0.624085753295927,35.2869787272282
Boito,Konoin,-0.523149246037279,35.4172207463243
Embomos,Konoin,-0.603068312762344,35.361961855587
Bombaba Borabu,Bomachoge Borabu,-0.897807385482304,34.775901969118
Nandi Hills,Nandi Hills,0.108103037994193,35.165390315455
Chepkunyuk,Nandi Hills,0.129343729046899,35.2412354506878
Mwanda/Mgange,Wundanyi,-3.37486769335117,38.2744736244715
Muminji,Mbeere North,-0.61379470300859,37.7722603491012
Evurore,Mbeere North,-0.493886900174274,37.8135501992203
Bahati,Bahati,-0.161119295147674,36.1423020516385
Kaptembwo,Nakuru Town West,-0.306164158212586,36.052169863671
Kilibwoni,Emgwen,0.215570297129218,35.2003397872183
Frere Town,Nyali,-4.02473269404757,39.6914367863341
Kapkures,Nakuru Town West,-0.314833013997536,36.0232507407962
Kapkures,Soy,-0.314833013997536,36.0232507407962
Rhoda,Nakuru Town West,-0.312542612238769,36.064782309409
Shaabab,Nakuru Town West,-0.293145130157729,36.0558265939219
Soy North,Keiyo South,0.467287387846791,35.5954835264016
Soy South,Keiyo South,0.286196843437413,35.657975688307
Ndalat,Mosop,0.510119196766559,35.1068002658618
Kivumbini,Nakuru Town East,-0.297797797234567,36.0881586094973
Flamingo,Nakuru Town East,-0.306678229359909,36.0738621000033
Menengai,Nakuru Town East,-0.282178054929752,36.1154617939643
Tirioko,Tiaty,1.36704680182965,35.8528348436643
Kolowa,Tiaty,1.11138047478242,35.7813325956533
Ribkwo,Tiaty,1.04017888255786,35.9558404729255
Silale,Tiaty,1.05076804659177,36.1534190958776
Kongowea,Nyali,-4.03897909574311,39.6906136940082
Marmanet,Laikipia West,0.263762344618426,36.3749546553791
Igwamiti,Laikipia West,0.100131257872865,36.3448943962484
Kangari,Kigumo,-0.737589527279964,36.7898612476781
Salama,Laikipia West,0.202546111138323,36.6404069745981
Ngobit,Laikipia East,-0.0426852449436126,36.7019136946988
Tigithi,Laikipia East,-0.119407168734701,36.9154596180851
Thingithu,Laikipia East,0.0228979074323858,37.0241159066678
Nanyuki,Laikipia East,0.0226569259594538,37.0895790517171
Tudor,Mvita,-4.03712283769107,39.6636289389838
Mosop,Rongai,-0.263118125536255,35.9130170554747
Barut,Nakuru Town West,-0.385255533980977,36.0952951194474
London,Nakuru Town West,-0.270763964318818,36.0625971994282
Chaani,Changamwe,-4.02890251178027,39.6245321479557
Olkeri,Kajiado North,-1.39874642400481,36.6905225040408
Ongata Rongai,Kajiado North,-1.40046881474198,36.7699364329448
Nkaimurunya,Kajiado North,-1.38588903960698,36.7372090361554
Oloolua,Kajiado North,-1.34804475426811,36.6776929178125
Ngong,Kajiado North,-1.34768075493344,36.6574441175152
Purko,Kajiado Central,-2.03571754937505,36.7422063021164
Ildamat,Narok East,-1.85753698381269,36.7315322516933
Ildamat,Kajiado Central,-1.85753698381269,36.7315322516933
Dalalekutuk,Kajiado Central,-1.95008062206824,36.9209652442569
Matapato North,Kajiado Central,-2.19906026037678,36.8296098698028
Matapato South,Kajiado Central,-2.40983505865622,36.7784902376272
Kaputiei North,Kajiado East,-1.68681094845264,36.8753408320375
Kitengela,Kajiado East,-1.55037220632491,36.8819233596952
Oloosirkon/Sholinke,Kajiado East,-1.47247530457223,36.8354525939029
Kenyawa-Poka,Kajiado East,-2.20596625166473,37.4426505593786
Imaroro,Kajiado East,-1.94521030259702,37.1254839191564
Keekonyokie,Kajiado West,-1.57880208667313,36.5344699798227
Keekonyokie,Narok East,-1.57880208667313,36.5344699798227
Manyatta B,Kisumu East,-0.0996799280832404,34.7830914104266
Chilchila,Kipkelion West,-0.167611750199337,35.3668144130591
Kapsoit,Ainamoi,-0.297574180926949,35.2181622594641
Ainamoi,Ainamoi,-0.271245516268437,35.2785568679901
Kapkugerwet,Ainamoi,-0.348587993076438,35.2988430632231
Kipchebor,Ainamoi,-0.381221657223205,35.2633096276641
Kipchimchim,Ainamoi,-0.328732276346802,35.275031717114
Kapsaos,Ainamoi,-0.287769075403116,35.3423377214607
Kapsaos,Turbo,-0.287769075403116,35.3423377214607
Kisiara,Bureti,-0.49216878532702,35.1071197106915
Tebesonik,Bureti,-0.54970891449432,35.0827664135901
Cheboin,Bureti,-0.567635295598056,35.1292532117135
Chemosot,Bureti,-0.516061055285629,35.1692520816299
Litein,Bureti,-0.596701705823808,35.1621872222369
Cheplanget,Bureti,-0.638272230009303,35.1123332922641
Waldai,Belgut,-0.358989397343824,35.1716501544502
Kabianga,Belgut,-0.432596133137737,35.1311244970912
Nakuru East,Nakuru Town East,-0.34433486254733,36.1450782193521
Port Reitz,Changamwe,-4.0214402893065,39.6123200337542
Sigowet,Sigowet/Soin,-0.433721297819544,35.0668979122973
Kaplelartet,Sigowet/Soin,-0.357518515144214,35.0647913352655
Soliat,Sigowet/Soin,-0.297405631955851,35.1190364297831
Kaptumo-Kaboi,Aldai,0.0927536069467915,35.0629770145129
Koyo-Ndurio,Aldai,0.0207307982512792,35.0470661322847
Lelmokwo/Ngechek,Chesumei,0.341168692228749,35.1809651762161
Chemundu/Kapngetuny,Chesumei,0.231003043942871,35.0821900145592
Kiptuya,Chesumei,0.188696989120504,35.015679539266
Subukia,Subukia,-0.0170915658691291,36.202615208862
Visoi,Rongai,-0.156223969366856,35.8753380254072
Kabazi,Subukia,-0.104831078080962,36.1307804700534
Kemeloi-Maraba,Aldai,0.0174209655260348,34.8908803168127
Kobujoi,Aldai,0.0389958822467216,34.9697627629004
Chepkumia,Emgwen,0.12438092606257,34.9613072452562
Kapsabet,Emgwen,0.164061814770212,35.0793298727763
Kabwareng,Aldai,0.107294973007138,34.8933815795217
Solai,Rongai,0.073117137059743,36.158557981209
Soin,Sigowet/Soin,-0.221581307896676,35.1595238290967
Soin,Rongai,-0.221581307896676,35.1595238290967
Shika Adabu,Likoni,-4.10945979533015,39.6435721500787
Junda,Kisauni,-4.01164504152051,39.674466986442
Bamburi,Kisauni,-3.97230922907918,39.7075806253599
Mwakirunge,Kisauni,-3.95763983995951,39.6643460353607
Mtopanga,Kisauni,-3.99341798489536,39.6896128795413
Nyalenda A,Kisumu East,-0.116656022270133,34.7737523105554
Shanzu,Kisauni,-3.9805199546013,39.7311623478177
Mkomani,Lamu West,-4.0498656656907,39.6951276378755
Mkomani,Nyali,-4.0498656656907,39.6951276378755
Bofu,Likoni,-4.08246448282714,39.6526652378236
Dabaso,Kilifi North,-3.31190678363695,39.990412797078
Watamu,Kilifi North,-3.30939873964977,40.0568467505826
Chasimba,Kilifi South,-3.7287254864132,39.7237801958223
Mtepeni,Kilifi South,-3.8975481465595,39.7501730945042
Mariakani,Kaloleni,-3.83242175259783,39.4660224680218
Kayafungo,Kaloleni,-3.75881461861858,39.4765047998774
Mwanamwinga,Kaloleni,-3.70405465427143,39.5591978994364
Kambe/Ribe,Rabai,-3.88537975671027,39.6570869925987
Bamba,Ganze,-3.48877392708912,39.3508286086685
Jaribuni,Ganze,-3.619938223788,39.6883934356491
Jilore,Malindi,-3.22544048156831,39.854804204536
Kakuyuni,Malindi,-3.19626309562157,40.0034415069224
Shella,Malindi,-3.24502046975762,40.1168584820978
Shella,Lamu West,-3.24502046975762,40.1168584820978
WOODLEY/KENYATTA GOLF COURSE,KIBRA,-1.32129,36.876834
Melili,Narok North,-0.868283419915387,36.039963178649
Suswa,Narok East,-1.00599949491637,36.2344697085912
Marafa,Magarini,-2.96915269538202,39.8465448720955
Magarini,Magarini,-3.08730495564896,40.0801734785854
Ukwala,Ugenya,0.196867026307671,34.2025509797183
North Ugenya,Ugenya,0.264126771178688,34.234041451941
East Ugenya,Ugenya,0.267609145128394,34.3158668542691
Sidindi,Ugunja,0.16544933883847,34.3881167843079
Sigomere,Ugunja,0.216046575590833,34.3604793744232
Ugunja,Ugunja,0.189261946190929,34.280995633728
Central Alego,Alego Usonga,0.0800866007215563,34.2252449824726
Siaya Township,Alego Usonga,0.0494850871939913,34.276752383501
South West Kisumu,Kisumu West,-0.108198258887504,34.6328974715175
Nyakoe,Kitutu Chache South,-0.628340004706732,34.7627679347633
PARKLANDS/HIGHRIDGE,WESTLANDS,-1.25874125888217,36.8048546328692
KILIMANI,DAGORETTI NORTH,-1.28662207625197,36.7848155416516
KILELESHWA,DAGORETTI NORTH,-1.27176813111266,36.7854716150025
Kileleshwa,Westlands,-1.27176813111266,36.7854716150025
Mogotio,Mogotio,0.0806790482200531,35.8619621446892
Emining,Mogotio,0.240553558196347,35.9467633952433
Kisanana,Mogotio,0.14871816698204,36.0769867531567
Lembus,Eldama Ravine,0.096995092830651,35.6006780959079
Lembus Kwen,Eldama Ravine,0.101371816227593,35.6911961653938
Ravine,Eldama Ravine,0.0182994034569266,35.727602176485
Mumberes/Maji Mazuri,Eldama Ravine,-0.0459288141269502,35.6682927982401
Lembus/Perkerra,Eldama Ravine,0.0740177038329697,35.7925126593022
Koibatek,Eldama Ravine,-0.0661155668079057,35.7876715434404
Rumuruti Township,Laikipia West,0.290858369027905,36.4826745896037
Kedowa/Kimugul,Kipkelion East,-0.223492133328236,35.5777737176817
Chepseon,Kipkelion East,-0.297174805992089,35.4032980712955
Tendeno/Sorget,Kipkelion East,-0.0443281460961255,35.5174814587968
Kunyak,Kipkelion West,-0.128743378034151,35.2952336362675
Kamasian,Kipkelion West,-0.131548878009538,35.4324392406826
Kipkelion,Kipkelion West,-0.160341398454945,35.4700639844107
Likoni,Likoni,-4.09357075160058,39.6438949067056
ZIMMERMAN,ROYSAMBU,-1.20368272269606,36.87953326115
ROYSAMBU,ROYSAMBU,-1.22588429398789,36.8628716371354
KASARANI,KASARANI,-1.22874446892658,36.8918633899285
Market Milimani,Kisumu Central,-0.109712095509827,34.7550953865995
LUCKY SUMMER,RUARAKA,-1.2393457337634,36.8983115109474
KOROGOCHO,RUARAKA,-1.24994828948112,36.8906958127815
Kibarani,Kilifi North,-3.57316010170604,39.8181279380907
Matsangoni,Kilifi North,-3.42728980192058,39.9260192793451
MWIKI,KASARANI,-1.21269480800231,36.9216154331915
PIPELINE,EMBAKASI SOUTH,-1.3378623644605,36.9039219571426
Kondele,Kisumu Central,-0.0895091355012179,34.7787011891038
Timbwani,Likoni,-4.09552131221091,39.661800851152
Nyalenda B,Kisumu Central,-0.132513061426069,34.7490378952959
West Seme,Seme,-0.136156024572239,34.4647820062311
Central Seme,Seme,-0.116728710048353,34.5021899002672
East Seme,Seme,-0.0982599008782228,34.5661198562305
North Seme,Seme,-0.0561284731423963,34.5102853306796
East Kano/Wawidhi,Nyando,-0.229030633629696,35.001992491251
Kobura,Nyando,-0.164173259951707,34.8583611839948
Miwani,Muhoroni,-0.0576664601588062,34.931792955035
Ombeyi,Muhoroni,-0.110137282119236,34.9224186627781
Chemelil,Muhoroni,-0.0756105654502439,35.1428103576892
South West Nyakach,Nyakach,-0.382744572977658,34.9117717108481
North Nyakach,Nyakach,-0.278994620084112,34.9665091072263
Central Nyakach,Nyakach,-0.317895952068462,34.9201771579755
West Nyakach,Nyakach,-0.344353856349098,34.8359200734935
South East Nyakach,Nyakach,-0.372779826391336,34.9760628156353
Awasi/Onjiko,Nyando,-0.179326002811071,35.0617489226442
Ahero,Nyando,-0.194096259275164,34.933708344388
Rigoma,Kitutu Masaba,-0.744332388637606,34.936660988483
Gachuba,Kitutu Masaba,-0.707766281823155,34.8823817555426
Magombo,Kitutu Masaba,-0.662556460992057,34.9036031886718
Manga,Kitutu Masaba,-0.634178692096134,34.8586981320066
Gesima,Kitutu Masaba,-0.702589338756045,34.9723959357682
Bogichora,West Mugirango,-0.58588944459657,34.9189367136762
Itibo,North Mugirango,-0.562365267375289,35.0069795817811
Bomwagamo,North Mugirango,-0.516759873129069,34.9483753269882
Bokeira,North Mugirango,-0.456497506684266,34.9864171749827
Magwagwa,North Mugirango,-0.474610319657329,35.0229657723621
Ekerenyo,North Mugirango,-0.519544982399192,34.9957041818611
Mekenene,Borabu,-0.62723700532873,35.040929819693
Kiabonyoru,Borabu,-0.595487684189155,34.9891019368582
Nyansiongo,Borabu,-0.762145975562012,35.0058524260357
Esise,Borabu,-0.810179605090601,35.0362440961433
Bomariba,Bonchari,-0.630525400275667,34.6950118085797
Bogiakumu,Bonchari,-0.672564975795588,34.7283265624702
Bomorenda,Bonchari,-0.695782755890951,34.7074252437668
Riana,Bonchari,-0.670499672395664,34.6625517116404
Tabaka,South Mugirango,-0.741369209572087,34.6556258596731
Boikanga,South Mugirango,-0.823483083608591,34.663703566319
Bogetenga,South Mugirango,-0.792745848743314,34.646876489291
Engineer,Kinangop,-0.635384725924429,36.5586806645185
Gathara,Kinangop,-0.622086114332081,36.621574525261
Murungaru,Kinangop,-0.522533214202443,36.529331828998
Nyamaiya,West Mugirango,-0.509739721364525,34.908127725035
Bosamaro,West Mugirango,-0.640280049735486,34.9387431411596
Bonyamatuta,West Mugirango,-0.617985095390989,34.960768280292
Moticho,South Mugirango,-0.895834747931029,34.6350754234871
Getenga,South Mugirango,-0.939660448614122,34.6586855203779
Bokimonge,Bomachoge Borabu,-0.912205818096812,34.7529148033269
Magenche,Bomachoge Borabu,-0.929527240013243,34.7173301276747
Masige West,Bobasi,-0.839908973419799,34.770349280863
Masige East,Bobasi,-0.830661436849925,34.7920170244165
BASI CENTRAL,BOBASI,-0.835893283166203,34.8415532181191
Nyacheki,Bobasi,-0.887890749168191,34.8779955468099
Bobasi Chache,Bobasi,-0.738829166357334,34.7436311786291
Bobasi Boitangare,Bobasi,-0.79276966186549,34.7987253955872
MAJOGE BASI,BOMACHOGE CHACHE,-0.749848890811938,34.7011495195925
Ichuni,Nyaribari Masaba,-0.789949835365227,34.9199720985137
Nyamasibi,Nyaribari Masaba,-0.843312868718427,34.9715797391328
Masimba,Nyaribari Masaba,-0.870060074707365,34.9524900815073
Gesusu,Nyaribari Masaba,-0.866965144205253,34.9047728166815
Kiamokama,Nyaribari Masaba,-0.823363272860989,34.9054192232427
Bobaracho,Nyaribari Chache,-0.711053082580397,34.8063925361207
Kisii Central,Nyaribari Chache,-0.704913449181278,34.764506509207
Keumbu,Nyaribari Chache,-0.739749640555777,34.8458289193214
Kiogoro,Nyaribari Chache,-0.74550105890574,34.790992079253
Birongo,Nyaribari Chache,-0.76250866835654,34.8800510748295
Marungu,Voi,-3.75129872569735,38.8628615020543
EMBAKASI,EMBAKASI EAST,-1.30932757300495,36.934982077793
UTAWALA,EMBAKASI EAST,-1.31264196969863,36.8997487609983
MIHANGO,EMBAKASI EAST,-1.2752705038076,36.9540606410349
Ngolia,Voi,-3.25372254794184,38.4589749122801
Sensi,Kitutu Chache North,-0.574107541327041,34.8118791447129
VIWANDANI,MAKADARA,-1.30547046136298,36.870949363236
Viwandani,Naivasha,-1.30547046136298,36.870949363236
HARAMBEE,MAKADARA,-1.28280462530611,36.8767160609068
EASTLEIGH SOUTH,KAMUKUNJI,-1.28199045221559,36.8605789564406
Kabiemit,Keiyo South,0.262979301286047,35.5553946535671
Maalimin,Lagdera,0.411851820828061,39.1383431393849
Githioro,Kipipiri,-0.495852721559851,36.4658291332688
North Kinangop,Kinangop,-0.53036571446251,36.6253979379661
Kipipiri,Kipipiri,-0.407794431280914,36.4617096294823
Sabena,Lagdera,0.781133322954192,39.4085449257325
Baraki,Lagdera,0.442067328993195,39.4907538782196
KAWANGWARE,DAGORETTI NORTH,-1.28032307475268,36.7438545681807
LANDIMAWE,STAREHE,-1.30235287113499,36.8396260680929
NAIROBI SOUTH,STAREHE,-1.31960599304672,36.8506623900702
HURUMA,MATHARE,-1.25961986904149,36.8670131350944
Huruma,Turbo,-1.25961986904149,36.8670131350944
Kipsomba,Soy,0.773357571041335,35.1871092327314
Njabini\Kiburu,Kinangop,-0.725135732083847,36.6761020606408
Megun,Kapseret,0.33794299516806,35.2876117906985
Keyian,Kilgoris,-1.03878818796335,34.6894073148322
Angata Barikoi,Kilgoris,-1.34995676673559,34.7935896286273
Shankoe,Kilgoris,-1.0345783850348,34.8293000512309
Kimintet,Kilgoris,-1.2561815581443,35.0030440799852
Lolgorian,Kilgoris,-1.20587857404045,34.8127857278588
Ololmasani,Emurua Dikirr,-0.933073252121373,35.0468027262377
Mogondo,Emurua Dikirr,-1.01394904607787,35.0470146347623
Kijabe,Lari,-0.96560408858838,36.6473108155804
Gatongora,Ruiru,-1.19878448397598,37.0530619107498
Kahawa Wendani,Ruiru,-1.19770372890687,36.9282648563683
Boochi Borabu,Bomachoge Borabu,-0.91092236794319,34.8059952478268
Garsen South,Garsen,-2.59155674020412,39.1588954947107
Banissa,Banissa,3.94050004107109,40.3609301806921
Derkhale,Banissa,3.85239678321603,40.1864809383138
Chari,Isiolo North,1.13080991370629,38.2725174229557
Cherab,Isiolo North,1.52094501437666,38.8634283084141
Ngare Mara,Isiolo North,0.657490004570712,37.896770774467
Burat,Isiolo North,0.435210958475362,37.4773599748988
Oldonyiro,Isiolo North,0.637971330303196,37.1346449071065
Garbatulla,Isiolo South,0.491013297809842,38.5589396610119
Kinna,Isiolo South,0.395531145148487,38.2999905767348
Sericho,Isiolo South,0.899205137771239,38.9804361714554
Ashabito,Mandera North,3.32418880565363,40.846071397021
Guticha,Mandera North,3.62630124382634,40.6088081599538
Bulla Mpya,Mandera East,3.82758537515658,41.7641130377437
Khalalio,Mandera East,3.8995736840233,41.6651437580489
Neboi,Mandera East,3.95962800837445,41.7563646963172
Township,Kanduyi,1.71742155254816,40.0728441900888
Leshau Pondo,Ndaragwa,0.0563300452967631,36.4857529492083
Charagita,Ol Jorok,-0.140470239288304,36.2913008316122
Kiriita,Ndaragwa,0.00246185317961915,36.4416045955552
Wanjohi,Kipipiri,-0.312004997954855,36.4945199618047
LIBEHIA,MANDERA EAST,3.73956423687509,41.320471122268
Libehia,Lafey,3.73956423687509,41.320471122268
Fino,Lafey,3.39231154939266,41.2861260120839
Lafey,Lafey,3.16957861629759,41.2206363446132
Warankara,Lafey,3.37344844550193,41.0301336225761
ALANGO GOF,LAFEY,3.11122034517948,41.0509079120355
Lokichar,Turkana South,2.63778397400484,35.6769457152592
Kapedo/Napeitom,Turkana East,1.46718201096388,36.2076486804469
Endo,Marakwet East,1.20478919784704,35.6607446058277
KABIRO,DAGORETTI NORTH,-1.28682892636322,36.7478795161563
MUTU-INI,DAGORETTI SOUTH,-1.29402798226768,36.698849535352
NGANDO,DAGORETTI SOUTH,-1.30065364204897,36.7412244166755
RIRUTA,DAGORETTI SOUTH,-1.28863450322527,36.7352667483789
UTHIRU/RUTHIMITU,DAGORETTI SOUTH,-1.27202942827029,36.7073149133309
WAITHAKA,DAGORETTI SOUTH,-1.28720783884737,36.7171797424642
KAREN,LANGATA,-1.33672989223781,36.7255805941808
Karen,Lang'ata,-1.33672989223781,36.7255805941808
Sacho,Baringo Central,0.386249724344723,35.7489393866503
Mukutani,Baringo South,0.546579573776324,36.1750773636852
Kimana,Kajiado South,-2.79114386409826,37.4852146118698
Umande,Laikipia East,0.194936857874018,37.1255812048028
Sosian,Laikipia North,0.606538062323376,36.6490250656707
Segera,Laikipia North,0.219929910524674,36.8807067586752
MUGOGODO WEST,LAIKIPIA NORTH,0.429406466594272,37.0130224559608
MUGOGODO EAST,LAIKIPIA NORTH,0.322927036789333,37.2476599537733
Iloodokilani,Kajiado West,-2.02926785754457,36.5043493798932
Magadi,Kajiado West,-1.89658106725782,36.2360291998955
Mikindani,Jomvu,-4.00988321973924,39.6309145485109
Tononoka,Mvita,-4.04937902808895,39.6690954206004
Majengo,Mvita,-4.05220370520653,39.6621256239589
Tezo,Kilifi North,-3.5415384222149,39.8845590171309
Chawia,Mwatate,-3.85887877643321,38.3789463104466
Shimo La Tewa,Kilifi South,-3.93944061234784,39.7389047381376
Rabai/Kisurutini,Rabai,-3.93998130945638,39.5587102664187
Ganze,Ganze,-3.47294907784016,39.6449216205935
Sokoke,Ganze,-3.35246645046996,39.7146439156311
Ganda,Malindi,-3.24408218987084,40.0660638358586
Malindi Town,Malindi,-3.21969766012512,40.088226507097
Rurii,Ol Kalou,-0.215370122777833,36.3738379089495
Gongoni,Magarini,-2.96568891257825,40.1046914735109
Adu,Magarini,-2.86942524233018,39.676934952611
Garashi,Magarini,-3.10201295545016,39.8921150896632
Sabaki,Magarini,-3.17714039694546,40.1031433038745
North Alego,Alego Usonga,0.0951439565334309,34.3270387496909
South East Alego,Alego Usonga,4.10881372657518e-05,34.2870141689506
West Gem,Rangwe,0.030851614650513,34.411655712571
West Gem,Gem,0.030851614650513,34.411655712571
Central Gem,Gem,0.0702275963615426,34.470980920644
Yala Township,Gem,0.100413429901157,34.5306483000328
East Gem,Rangwe,0.0299611926521491,34.5196568425264
East Gem,Gem,0.0299611926521491,34.5196568425264
South Gem,Gem,-0.0272178126515332,34.437948919913
West Yimbo,Bondo,-0.0719951441403796,34.0461379531098
Central Sakwa,Awendo,-0.156455874859235,34.155353194327
Central Sakwa,Bondo,-0.156455874859235,34.155353194327
South Sakwa,Awendo,-0.180464884341301,34.2345155879749
South Sakwa,Bondo,-0.180464884341301,34.2345155879749
Yimbo East,Bondo,-0.0235855293213154,34.1251892073863
West Sakwa,Awendo,-0.0826433521694691,34.2192788060708
West Sakwa,Bondo,-0.0826433521694691,34.2192788060708
North Sakwa,Awendo,-0.0909349657518303,34.307557358854
North Sakwa,Bondo,-0.0909349657518303,34.307557358854
East Asembo,Rarieda,-0.126984283700943,34.3971725046112
West Asembo,Rarieda,-0.155573529996144,34.3367343073648
Kajulu,Kisumu East,-0.0329333166405305,34.7921213241043
Kolwa East,Kisumu East,-0.116678758779635,34.8260737758333
Kolwa Central,Kisumu East,-0.114815005911876,34.7899133917402
Central Kisumu,Kisumu West,-0.0756346738778291,34.7126788052591
Kaloleni,Kaloleni,-3.43197862687601,38.560959382501
Kaloleni,Voi,-3.43197862687601,38.560959382501
West Kisumu,Kisumu West,-0.0579118437610969,34.6308898780338
North West Kisumu,Kisumu West,-0.0238911457646231,34.6170216055172
Railways,Kisumu Central,-0.0781187936309568,34.7536359399402
Migosi,Kisumu Central,-0.075556695957466,34.7817467094425
Ibeno,Nyaribari Chache,-0.779089495306578,34.8413830238327
Monyerero,Kitutu Chache North,-0.574089637458594,34.8569317026976
Marani,Kitutu Chache North,-0.576672153006537,34.7804439097744
Kegogi,Kitutu Chache North,-0.533691614165932,34.8416897504807
Bogusero,Kitutu Chache South,-0.588109510558019,34.7256224109418
Bogeka,Kitutu Chache South,-0.610203759544946,34.750015078045
Nyatieko,Kitutu Chache South,-0.64464973873492,34.7940380408678
KARURA,WESTLANDS,-1.23022324173411,36.8101129254359
KANGEMI,WESTLANDS,-1.26816256072178,36.752588821356
MOUNTAIN VIEW,WESTLANDS,-1.27046933051891,36.7375784714538
Keiyo,Kwanza,1.21488624156697,34.9598302442108
Iria-Ini,Othaya,-0.551358660590015,36.8989506027828
Chinga,Othaya,-0.587221712516745,36.8974767660585
Karima,Othaya,-0.542172147115251,36.9719658704769
Gikondi,Mukurweini,-0.598865375475561,37.0628138527195
Rugi,Mukurweini,-0.598550903639113,37.1122845180087
Mukurwe-Ini West,Mukurweini,-0.544047418569142,37.0215438657802
Mukurwe-Ini Central,Mukurweini,-0.568277214805558,37.1078132841929
Kiganjo/Mathari,Nyeri Town,-0.396797514398574,36.9667222550939
Rware,Nyeri Town,-0.422577237168489,36.9489041535151
Gatitu/Muruguru,Nyeri Town,-0.441632107617676,37.0033597297191
Kamakwa/Mukaro,Nyeri Town,-0.439556140085895,36.9184644704849
Karatina Town,Mathira,-0.452410657074149,37.1120986663951
Mahiga,Othaya,-0.510112964387505,36.7697028360241
Wamba East,Samburu East,1.02311755405274,37.4207339246712
Iriaini,Mathira,-0.461492028824562,37.1632918535015
Konyu,Mathira,-0.522540173738346,37.1246187278792
Kirimukuyu,Mathira,-0.470365254151961,37.077677499363
GATINA,DAGORETTI NORTH,-1.27994949325598,36.7559476219188
Sangalo/Kebulonik,Mosop,0.348611426959727,34.9984057130183
Tangulbei/Korossi,Tiaty,0.791406916278666,36.2224512063922
NAIROBI WEST,LANGATA,-1.32027456496385,36.8144381372682
Nairobi West,Lang'ata,-1.32027456496385,36.8144381372682
Mugumo-Ini,Gatanga,-1.37142574086605,36.8491603366086
Churo/Amaya,Tiaty,0.789940133985656,36.3809289373652
BARWESSA,BARINGO NORTH,0.724545179098376,35.6797474188116
Ruringu,Nyeri Town,-0.453084746923454,36.960672928885
Dedan Kimanthi,Tetu,-0.427943246739849,36.833927747907
Aguthi/Gaaki,Tetu,-0.496192440049507,37.0186747956996
Naromoru Kiamathaga,Kieni,-0.163678772371129,37.1011146955375
Poro,Samburu West,1.19202414098563,36.5744398726646
Angata Nanyokie,Samburu North,1.31615318758964,36.7163715910981
Maralal,Samburu West,1.1126268168508,36.7117589041704
Loosuk,Samburu West,1.09452818410023,36.5197977174863
El-Barta,Samburu North,1.57741584146138,36.8559347165971
Nachola,Samburu North,1.65605568344443,36.5899064994432
Ndoto,Samburu North,1.73156263569986,37.1169741280424
Nyiro,Samburu North,2.12225428750097,36.77145396257
Baawa,Samburu North,1.09238063901536,36.8953830750566
Waso,Samburu East,1.04648017070091,37.7083586294967
Wamba West,Samburu East,0.842150135298855,37.2087613706904
Wamba North,Samburu East,1.33042669002638,37.1810750843766
North Uyoma,Rarieda,-0.25766916866519,34.350973058685
South Uyoma,Rarieda,-0.338170213625364,34.3236121025904
Suguta Marmar,Samburu West,0.897830603714816,36.5771621833027
Usonga,Alego Usonga,0.0675068671763668,34.0962029001254
West Alego,Alego Usonga,0.111459008228771,34.1710400252207
North Gem,Gem,0.116519476364821,34.4168558791386
Chewani,Galole,-1.35207914991249,39.9965864715711
Kinakomba,Galole,-1.70448701760186,39.9670201141252
Sagalla,Voi,-3.32763260643757,38.8330947624576
Bangale,Bura,-0.431008292992158,38.9357790887134
Sala,Bura,-0.583961604550945,39.6128916336702
Chala,Taveta,-3.2675006988561,37.7556566473842
Mata,Taveta,-3.51685463835752,37.978600162543
Wundanyi/Mbale,Wundanyi,-3.39089170888325,38.3781421753286
Wumingu/Kishushe,Wundanyi,-3.02301613310211,38.1807526797356
Mikinduni,Galole,-1.54519233353345,39.9782291296423
Mboghoni,Taveta,-3.46337101828142,37.6704513857253
Kasigau,Voi,-3.87251802405098,38.6600172917764
Chewele,Bura,-0.873564846174176,39.7020333228947
Madogo,Bura,-0.326508012540798,39.3105862058245
West Uyoma,Rarieda,-0.272597535765138,34.2902008380599
Mahoo,Taveta,-3.36129857091279,37.7039310986784
Ronge,Mwatate,-3.41688776844583,38.4523271137929
Mwatate,Mwatate,-3.57164196599172,38.4468437836174
Wusi/Kishamba,Mwatate,-3.44635198340074,38.3648998426656
Werugha,Wundanyi,-3.35770050488168,38.3221392520956
Mbololo,Voi,-3.36386162134938,38.5092513532217
West Ugenya,Ugenya,0.208642570601684,34.1470781197815
Mitheru,Maara,-0.298739230624908,37.6790208271927
Muthambi,Maara,-0.282442138077155,37.7055046811633
Mwimbi,Maara,-0.221959949038647,37.7596331890429
Chiakariga,Tharaka,-0.281603943781779,37.9003821728787
Wayu,Galole,-1.48865451785863,39.3769057852674
Chepchoina,Endebess,1.17953984300722,34.7721403967671
Endebess,Endebess,1.04957758122119,34.8008729076937
Matumbei,Endebess,1.10266614990604,34.7467907026857
Kiminini,Kiminini,0.892316783633094,34.9399445202885
Waitaluk,Kiminini,0.928386137815016,35.034465059641
Sirende,Kiminini,0.958638366391396,35.0770038019506
Makutano,Cherangany,1.09177429011887,35.1747640769837
Kaplamai,Cherangany,0.97449310676674,35.1069143966286
Motosiet,Cherangany,0.965177628819742,35.1746170205238
Cherangany/Suwerwa,Cherangany,1.03134468691012,35.2369157861899
Chepsiro/Kiptoror,Cherangany,0.966155583524504,35.3026948931159
Gatunga,Tharaka,-0.125470340536249,38.123473923196
Mukothima,Tharaka,0.012955846522341,38.0463149573533
Kipini East,Garsen,-2.4862438285516,40.5283754337689
Lake Zone,Turkana North,4.10093084545281,35.8014549663527
Kangatotha,Turkana Central,3.2416661231681,35.9393356764921
Simat/Kapseret,Kapseret,0.472385175196074,35.2013152019335
Tulwet/Chuiyat,Kesses,0.2595346390231,35.3400660996727
Lapur,Turkana North,4.61032658176131,35.7061302518375
Landhies,Nairobi Central,-1.253256,36.87065
Mois Bridge,Soy,0.891055730173032,35.1668646430247
Segero/Barsombe,Soy,0.897832069206153,35.2980013767558
Lagboghol South,Wajir South,1.14051437897461,40.0199484316561
Barwago,Wajir East,1.7580342208027,40.0315919517834
KABUOCH NORTH,NDHIWA,-0.714450746408159,34.4815437236205
KAPKATENY,MT. ELGON,0.811062064481781,34.5930784523091
SHINOYI-SHIKOMARI-ESUMEYIA,NAVAKHOLO,0.325380594854591,34.6716796169292
LUSHEYA/LUBINU,MUMIAS EAST,0.299510318421423,34.5356468443517
MALAHA/ISONGO/MAKUNGA,MUMIAS EAST,0.316782509736748,34.6097317575396
KAKSINGRI WEST,SUBA SOUTH,-0.560033325468231,34.1572389422385
Hadado/Athibohol,Wajir West,1.61210001231545,39.4707851339538
MFANGANO ISLAND,SUBA NORTH,-0.464198526707447,34.0154721945625
RUSINGA ISLAND,SUBA NORTH,-0.404222589586559,34.174643904166
NAMB0B0TO NAMBUKU,FUNYULA,0.316189669292502,34.1073565096384
Weiwei,Sigor,1.44793453542008,35.4751449371071
BASI BOGETAORIO,BOBASI,-0.896940339697794,34.8295946684161
SAIMO/KIPSARAMAN,BARINGO NORTH,0.683259187241819,35.8121690484862
EMS00,KEIYO NORTH,0.786015410420832,35.5898297096309
RUMA-KAKSINGRI,SUBA SOUTH,-0.617621187,34.26003568
KITETA/KISAU,MBOONI,-1.60519715451016,37.5234804276361
Agenga Nanguba,Funyula,0.229060306957194,34.0628222884102
Lwandanyi,Sirisia,0.756359325484211,34.4286167117457
LOWER SAVANNAH,EMBAKASI EAST,-1.29440144526123,36.8976380483264
WARANQARA,LAFEY,3.37344844550193,41.0301336225761
MUGUMU-INI,LANGATA,-1.37142574086605,36.8491603366086
SARANGOMBE,KIBRA,-1.31266623752436,36.77837277068
LOGO LOGO,LAISAMIS,1.92417457536824,37.9410398828834
ADAMASAJIDE,WAJIR WEST,1.2149356725872,39.516417291912
GANYURE/WAGALLA,WAJIR WEST,1.59761644783779,39.794520313745
Isongo/Makunga/Malaha,Mumias East,0.316782509,34.60973175
IGAMBANG'OMBE,CHUKA/IGAMBANG'OMBE,-0.221959,37.759633
Shinoyi-Shikomari-,Navakholo,0.325380594854591,34.6716796169292
Jepkoyai,Hamisi,0.020255464015289,34.7377411498228
Heilu-Manyatta,Moyale,3.4989016607654,39.1119133083623
Likuyani,Likuyani,0.679563142454321,35.105562807124
Kapckok,Kacheliba,1.81768132104123,35.0850934887928
Sangalo West,Kanduyi,0.51170076039841,34.586172051544
Bomeni,Taveta,-3.41031486333519,37.686787482158
Kanjuiri Ridge,Ol Kalou,-0.300622322915252,36.2692099770325
Kanyeki-Ini,Kirinyaga Central,-0.554198011358308,37.2771871619585
Maai-Mahiu,Naivasha,-1.00703538378867,36.4828321104397
Kabonyo/Kanyagwal,Nyando,-0.227753799067594,34.8422546640522
Bobasi Central,Bobasi,-0.835893283166203,34.8415532181191
Majoge,Bomachoge Chache,-0.749848890811938,34.7011495195925
Mutuini,Dagoretti South,-1.29402798226768,36.698849535352
Mukogondo West,Laikipia North,0.429406466594272,37.0130224559608
Mukogondo East,Laikipia North,0.322927036789333,37.2476599537733
South-C,Langata,-1.34119404990314,36.87642709618
Claycity,Kasarani,-1.22244375421473,36.9163739827447
Matopeni,Embakasi Central,-1.26126225853647,36.928396821299
Log Logo,Laisamis,1.92417457536824,37.9410398828834
North Kabuoch,Ndhiwa,-0.714450746,34.48154372
Lubinu/Lusheya,Mumias East,0.299510318,34.53564684
Bobasi Bogetaorio,Bobasi,-0.923234,34.570197
Kinamba,Laikipia West,-0.107618,36.724652
Kisau/Kiteta,Mbooni,-1.605197,37.52348
Woodley/Kenya Golf Course,Kibra,-1.32129,36.876834
Wagalla/Ganyure,Wajir West,1.6121,39.470785
Wargudud,Mandera South,3.08772101345223,40.8068639979524
Waseges,Subukia,0.100814445394545,36.2359251348264
Kilimani,Westlands,-1.28662207625197,36.7848155416516
Mugumo-ini,Lang'ata,-1.37142574086605,36.8491603366086
KABARTONJO,BARINGO NORTH,0.631044957020601,35.761743813556
SAIMO/SOI,BARINGO NORTH,0.681844372177331,35.9347155453448
BARTABWA,BARINGO NORTH,0.871531341364651,35.7985024794495
Kabarnet,Baringo Central,0.512019660992085,35.6855887329113
SOUTH C,LANGATA,-1.34119404990314,36.87642709618
South C,Lang'ata,-1.34119404990314,36.87642709618
Tenges,Baringo Central,0.285886581044206,35.7561249808412
Kapropita,Baringo Central,0.450053695149971,35.7318539787599
Marigat,Baringo South,0.435532833126457,35.8968700318132
Mochongoi,Baringo South,0.321513570234426,36.1642081788424
NYAYO HIGHRISE,LANGATA,-1.31507169312935,36.8027193389993
LAINI SABA,KIBRA,-1.31204590450935,36.7943132281905
Mosiro,Kajiado West,-1.50390761725211,36.1691694903303
Mosiro,Narok East,-1.50390761725211,36.1691694903303
Kuku,Kajiado South,-2.8362536914219,37.7410399718041
Rombo,Kajiado South,-3.06220074391871,37.7388773013708
LINDI,KIBRA,-1.31534030670021,36.7926705003154
Londiani,Kipkelion East,-0.134046751697523,35.5546918927854
MAKINA,KIBRA,-1.30903123932995,36.7844058692834
GITHURAI,ROYSAMBU,-1.20222626779746,36.9084179306488
KAHAWA WEST,ROYSAMBU,-1.17718507531495,36.915414906414
KAHAWA,ROYSAMBU,-1.19151164633016,36.9062617154101
CLAY CITY,KASARANI,-1.22244375421473,36.9163739827447
NJIRU,KASARANI,-1.251263849256,36.9288526671043
RUAI,KASARANI,-1.25926168636546,37.0361357636717
UTALII,RUARAKA,-1.25368650612254,36.8636792387973
KWA NJENGA,EMBAKASI SOUTH,-1.32246867340462,36.8890433295292
DANDORA AREA IV,EMBAKASI NORTH,-1.24190752656752,36.906185599214
KWA REUBEN,EMBAKASI SOUTH,-1.31520041415931,36.882040721785
UMOJA I,EMBAKASI WEST,-1.27955631076474,36.8904778634851
KWARE,EMBAKASI SOUTH,-1.31628208096086,36.8886299511415
KARIOBANGI NORTH,EMBAKASI NORTH,-1.25531304455944,36.8821179423393
DANDORA AREA I,EMBAKASI NORTH,-1.25749570632431,36.8894623591239
DANDORA AREA II,EMBAKASI NORTH,-1.25117053238852,36.8982970559759
DANDORA AREA III,EMBAKASI NORTH,-1.2451476945995,36.9104014040515
KAYOLE NORTH,EMBAKASI CENTRAL,-1.26516716714855,36.9217129869678
Kayole North,Embakasi East,-1.26516716714855,36.9217129869678
KAYOLE CENTRAL,EMBAKASI CENTRAL,-1.27164875026632,36.917427560077
Kayole Central,Embakasi East,-1.27164875026632,36.917427560077
UMOJA II,EMBAKASI WEST,-1.28601786062843,36.8928986842784
KAYOLE SOUTH,EMBAKASI CENTRAL,-1.27783536776486,36.9139878175847
Kayole South,Embakasi East,-1.27783536776486,36.9139878175847
Nadavaya,Kinango,-4.18969462112127,39.1058720481994
Mugumo-Ini,Langata,-1.37142574086605,36.8491603366086
MAKONGENI,MAKADARA,-1.29708807219192,36.8509424552821
Alungo Gof,Lafey,3.11122034517948,41.0509079120355
KOMAROCK,EMBAKASI CENTRAL,-1.26920122077163,36.908579039405
Komarock,Embakasi East,-1.26920122077163,36.908579039405
MATOPENI/SPRING VALLEY,EMBAKASI CENTRAL,-1.26126225853647,36.928396821299
EASTLEIGH NORTH,KAMUKUNJI,-1.27308150786774,36.8477785198749
MOWLEM,EMBAKASI WEST,-1.26609611827923,36.8969275782175
KARIOBANGI SOUTH,EMBAKASI WEST,-1.26499006726723,36.8869240800194
MARINGO/HAMZA,MAKADARA,-1.2921035741644,36.8656916300845
Nabiswa,Kiminini,0.914921734076427,34.9055405919216
CALIFORNIA,KAMUKUNJI,-1.28428482715211,36.8493442903616
PUMWANI,KAMUKUNJI,-1.28810930522254,36.8447971825561
Sinyerere,Cherangany,1.12518925598418,35.1307172298189
AIRBASE,KAMUKUNJI,-1.27168133833538,36.86283117068
Iftin,Garissa Township,-0.447687607165024,39.6464231728425
NAIROBI CENTRAL,STAREHE,-1.28525580433913,36.8248095277174
Dertu,Dadaab,0.000947116008794497,39.794377904159
Dadaab,Dadaab,0.0500322849496278,40.2963642266493
Damajale,Dadaab,-0.00292860754637368,40.6927817650549
Liboi,Dadaab,0.236829592704459,40.798571794698
Abakaile,Dadaab,0.19530587135154,40.0290734705967
Terik,Aldai,0.0144945329712752,34.819751297325
NGARA,STAREHE,-1.27350386818144,36.8261155264486
Ngara,Nairobi Central,-1.27350386818144,36.8261155264486
PANGANI,STAREHE,-1.27208246447263,36.8403474727987
Pangani,Nairobi Central,-1.27208246447263,36.8403474727987
ZIWANI/KARIOKOR,STAREHE,-1.28178468961363,36.8377510239768
Ziwani/Kariokor,Nairobi Central,-1.28178468961363,36.8377510239768
MABATINI,MATHARE,-1.26254442467365,36.8611024033682
NGEI,MATHARE,-1.25803526963583,36.8714999656128
MLANGO KUBWA,MATHARE,-1.26490584372696,36.8482565868696
KIAMAIKO,MATHARE,-1.25688601366345,36.876395161206
KITISURU,WESTLANDS,-1.24841096025916,36.7553950521933
Muguru,Kangema,-0.687626363329685,37.0171080075358
Rwathia,Kangema,-0.660913006092722,36.8791350124162
Gitugi,Mathioya,-0.655697369224264,37.0018872438642
Wagberi,Wajir East,1.77251171857231,40.0882964910674
Ngeria,Kapseret,0.393041202512422,35.2600926758002
Langas,Kapseret,0.476603780575483,35.2553887613412
Eldas,Eldas,2.426613756511,39.475622288171
Racecourse,Kesses,0.474700856765789,35.2790545412605
Cheptiret/Kipchamo,Kesses,0.381728378292915,35.3648645615906
Tarakwa,Kesses,0.130493317548751,35.4371504687706
Bura,Mwatate,-1.08879505975551,40.2851843786968
Bura,Fafi,-1.08879505975551,40.2851843786968
Muhoroni/Koru,Muhoroni,-0.177857769797623,35.2538654717469
Kitutu   Central,Kitutu Chache South,-0.664398,34.534648
Homa Bay East,Homa Bay Town,-0.590917575992718,34.5181536352355
Bukembe East,Kanduyi,0.579611979493244,34.6610451935855
Kanyasa,Nyatike,-0.818742365335337,34.2177080555701
Nyabasi West,Kuria East,-1.2597192548075,34.6284182118762
Tala,Matungulu,-1.26923628260575,37.3162045597134
Antubetwe Kiongo,Igembe North,0.336976037379001,38.0751711887154
Thangatha,Tigania East,0.0906404325905537,37.9207518437955
Timau,Buuri,0.0228124658366824,37.1915683299666
Mitunguu,South Imenti,-0.11688842664694,37.7810208898256
Tulimani,Mbooni,-1.57816517642419,37.4089733343062
Chakol South,Teso South,0.511037288003113,34.1635579870191
Dukana,North Horr,3.95676749749826,37.2174548753312
Muthithi,Kigumo,-0.837425100912973,37.0890706164321
Bunyala Central,Navakholo,0.0683936619898165,34.0412312323188
Lanet/Umoja,Bahati,-0.294509813534004,36.1776579712481
Kadzandani,Nyali,-4.01310752658732,39.7083213543813
Mtongwe,Likoni,-4.0823796287008,39.6172747903721
Sokoni,Kilifi North,-3.61711023703779,39.8662693431009
Mwarakaya,Kilifi South,-3.79486015202749,39.7241232200185
Bura,Bura,-1.08879505975551,40.2851843786968
Kapsasian,Emurua Dikirr,-0.996449241800682,35.1524734496963
Olokurto,Narok North,-0.677112813800718,35.8294460846198
Narok Town,Narok North,-1.11774843523938,35.8320372997726
Nkareta,Narok North,-0.942108639370193,35.8263905615671
Della,Eldas,2.41405141876117,39.6871770799778
Dadaja Bulla,Wajir South,0.578413903285889,40.8499944770405
Habasswein,Wajir South,0.804104734147616,39.7529465454685
Uthiru,Kabete,-1.25410590484446,36.7140642494726
Karai,Kikuyu,-1.27710838213173,36.6477393691447
Nachu,Kikuyu,-1.25261548415511,36.577518239207
Sigona,Kikuyu,-1.19135731097409,36.6371820888242
Kikuyu,Kikuyu,-1.25771999374305,36.6619538394332
Kinoo,Kikuyu,-1.25362883184984,36.6897018268941
Bibirioni,Limuru,-1.08181294434445,36.6236798184829
Limuru Central,Limuru,-1.1268164445774,36.6275974114399
Ndeiya,Limuru,-1.16636463644692,36.5746698262027
Limuru East,Limuru,-1.10623993513454,36.6885818793475
Ngecha Tigoni,Limuru,-1.15710960406245,36.6852559243848
Dekaharia,Fafi,-1.0427612478186,40.8162357543115
Diif,Wajir South,1.14906228525162,40.8795893581789
Biashara,Ruiru,-1.15525409813279,36.9478886851734
Biashara,Naivasha,-1.15525409813279,36.9478886851734
Biashara,Nakuru Town East,-1.15525409813279,36.9478886851734
Nkondi,Tharaka,-0.0472196057553501,37.9627320547721
Marimanti,Tharaka,-0.160883882490113,37.9413125921063
Kithimu,Manyatta,-0.512559990413876,37.5356054179413
Nginda,Manyatta,-0.316308834364793,37.4217457422969
Nginda,Maragwa,-0.316308834364793,37.4217457422969
Mbeti North,Manyatta,-0.537016645960425,37.4891696004301
Kirimari,Manyatta,-0.5059675632066,37.4479441115619
Gaturi South,Manyatta,-0.481271976393822,37.5041718003753
Gaturi North,Runyenjes,-0.435154004997124,37.512468563527
Kiuu,Ruiru,-1.20906030874264,36.9335209874477
Ngomeni,Mwingi North,-0.585775773343223,38.5459868856176
Kyuso,Mwingi North,-0.533449746827217,38.2035719272471
Mwiki,Ruiru,-1.21269480800231,36.9216154331915
Mwihoko,Ruiru,-1.21651935190024,36.9829121037131
Githunguri,Githunguri,-1.06610534909912,36.7824774396583
Ndanai/Abosi,Sotik,-0.872030906036376,35.0914489123918
Chemagel,Sotik,-0.695922176574161,35.1347320805809
Kipsonoi,Sotik,-0.769609024388375,35.1732695083544
Kapletundo,Sotik,-0.676192203805425,35.2093699757838
Rongena/Manaret,Sotik,-0.715878266654321,35.0861983475269
Nyangores,Chepalungu,-0.830277692661292,35.3158169301214
Sigor,Chepalungu,-0.940916316734223,35.2972859479193
Chebunyo,Chepalungu,-0.970602633123483,35.2072942896243
Siongiroi,Chepalungu,-0.890319610920832,35.2009901859503
Merigi,Bomet East,-0.765707560513282,35.406453997007
Kembu,Bomet East,-0.803071170998914,35.4377443640254
Longisa,Bomet East,-0.853946031570437,35.4062323417791
Kipreres,Bomet East,-0.921575539517765,35.3807714670287
Chemaner,Bomet East,-0.810707026432399,35.4930233023387
Silibwet Township,Bomet Central,-0.749609263556956,35.3475160860335
Ndaraweta,Bomet Central,-0.680254787676435,35.3732599114425
Singorwet,Bomet Central,-0.721542542969456,35.3558470461893
Chesoen,Bomet Central,-0.693540107970853,35.288236523043
Mutarakwa,Bomet Central,-0.773527682591828,35.2512596755497
Chepchabas,Konoin,-0.471077354257258,35.2830916627531
Ijara,Ijara,-1.6015858331008,40.5436518130171
Guba,Banissa,3.89640021750399,40.5254914024751
Malkamari,Banissa,4.09877535419387,40.6975817661994
Kipini West,Garsen,-2.55337925804174,40.2582618340949
Garsen Central,Garsen,-2.33123539155264,40.2023357872417
Garsen West,Garsen,-2.28147290332607,39.4511156126129
Mkunumbi,Lamu West,-2.14263035342233,40.5386783383799
Bahari,Lamu West,-2.41120810030414,40.725521383224
Dandu,Mandera West,3.42233550556967,39.916676906285
Gither,Mandera West,3.71640267539548,39.919120341838
Elwak North,Mandera South,2.94821207872258,41.0370804344479
Turbi,North Horr,2.48694002795645,38.3959848533248
Witu,Lamu West,-2.25742238798744,40.3602383914419
Kargi/South Horr,Laisamis,2.47692564243305,37.3200965105671
Korr/Ngurunit,Laisamis,1.9493013670912,37.4450199196281
Garsen North,Garsen,-2.0328917293471,40.0316968635547
Galbet,Garissa Township,-0.396390370194239,39.6828137094746
Township,Garissa Township,1.71742155254816,40.0728441900888
Township,Kiambu,1.71742155254816,40.0728441900888
Township,Thika Town,1.71742155254816,40.0728441900888
Township,Kiharu,1.71742155254816,40.0728441900888
Township,Kitui Central,1.71742155254816,40.0728441900888
Township,Wajir East,1.71742155254816,40.0728441900888
Township,Mandera East,1.71742155254816,40.0728441900888
Township,West Mugirango,1.71742155254816,40.0728441900888
Arbajahan,Wajir West,2.08913796294131,39.3238167681082
Ademasajide,Wajir West,1.2149356725872,39.516417291912
Lakoley South/Basir,Eldas,1.80920937487873,39.8253650592537
Ganga,Maara,-0.256368040641435,37.7140852485205
Chogoria,Maara,-0.222681605133486,37.535544979512
MARIANI,CHUKA/IGAMBANG'OMBE,-0.347598525605206,37.7470821014047
KARINGANI,CHUKA/IGAMBANG'OMBE,-0.32147312709673,37.6590979057224
MAGUMONI,CHUKA/IGAMBANG'OMBE,-0.309322943607764,37.5402695720429
MUGWE,CHUKA/IGAMBANG'OMBE,-0.364688783860472,37.6775838170705
Kyeni North,Runyenjes,-0.388776659233928,37.5781795007715
Kyeni South,Runyenjes,-0.446745654601992,37.6481660145117
Mwea,Mbeere South,-0.801726864788701,37.3772729821169
Makima,Mbeere South,-0.813039089217208,37.5373293166299
Mbeti South,Mbeere South,-0.658408754516348,37.5453768385281
Mavuria,Mbeere South,-0.735299909634414,37.6874420406895
Kiambere,Mbeere South,-0.719450228040009,37.8236339430336
Nthawa,Mbeere North,-0.569848996102187,37.6217751057196
Kisasi,Kitui Rural,-1.59740075852683,37.9719533178799
Mulango,Kitui Central,-1.48931658272002,37.9663810008811
Kyangwithya East,Kitui Central,-1.3260360605346,38.0586451469437
Chuluni,Kitui East,-1.4542024102399,38.1330224814074
Mutomo,Kitui South,-1.83214225776075,38.18625452857
Mutha,Kitui South,-1.77562820950474,38.6905638057881
Kanziko,Kitui South,-2.00531992731158,38.3553007860383
Nyakio,Kinangop,-0.781013120866563,36.6276832489805
Githabai,Kinangop,-0.746587404533777,36.5718627975677
Magumu,Kinangop,-0.853457127411355,36.5789046946893
Geta,Kipipiri,-0.410289158442739,36.5777080430785
Karau,Ol Kalou,-0.320165079090561,36.338364290822
Mirangine,Ol Kalou,-0.192738667063499,36.2395101282701
Kaimbaga,Ol Kalou,-0.341144559861703,36.3988167157715
Gathanji,Ol Jorok,-0.0425979556572529,36.3005394185095
Gatimu,Ol Jorok,-0.022348897211632,36.3782335694701
Weru,Ol Jorok,-0.128326753860804,36.3863760900914
Central  Ward,Runyenjes,-0.0709427571753004,36.54292979749
Central,Karachuonyo,-0.0709427571753004,36.54292979749
Central,Mwingi Central,-0.0709427571753004,36.54292979749
Central,Ndaragwa,-0.0709427571753004,36.54292979749
Shamata,Ndaragwa,-0.21908192640107,36.5585890686328
Wamagana,Tetu,-0.485685311902756,36.9187740220531
Mweiga,Kieni,-0.342047172558424,36.9208169711285
Mwiyogo/Endarasha,Kieni,-0.292481436410773,36.8778492005047
Mugunda,Kieni,-0.183273388576292,36.7540611276819
Gatarakwa,Kieni,-0.333750460649171,36.7371622699063
Thegu River,Kieni,-0.285152205231089,37.0441872543667
Kabaru,Kieni,-0.260815108908871,37.1456796429934
Gakawa,Kieni,-0.0842324296185878,37.0945975612099
Ruguru,Mathira,-0.295622269714031,37.186810300503
Magutu,Mathira,-0.411878862111018,37.1414203874074
Kakuma,Turkana West,3.60955974855444,34.9018910587879
Kalobeyei,Turkana West,3.84208271050272,34.4711839305944
Nanaam,Turkana West,4.52726229736827,34.6700751460261
Lodwar Township,Turkana Central,3.2012514120418,35.6448396139785
Kanamkemer,Turkana Central,3.06589096432645,35.6684880236856
Kotaruk/Lobei,Loima,2.63584672912447,35.3080025246945
Loima,Loima,3.01257854453584,34.9174377256885
Katilu,Turkana South,2.26961215545003,35.5133224352412
Katilia,Turkana East,2.32059881568419,36.3654844987899
Lokori/Kochodin,Turkana East,1.95641060182867,36.0211049261824
Alale,Kacheliba,2.38785836484521,35.0925426222737
Chepareria,Pokot South,1.40864887861462,35.2272833308341
Batei,Pokot South,1.38663311336479,35.3408934223456
Lelan,Marakwet West,1.20456657618079,35.3081591377559
Lelan,Pokot South,1.20456657618079,35.3081591377559
Tapach,Pokot South,1.29698929667155,35.4181714327101
Lodokejek,Samburu West,0.880180587105661,36.8564944933185
Bidii,Kwanza,1.04820455199614,35.0156452228426
Tuwani,Saboti,1.02642360243244,34.9904709611866
Saboti,Saboti,0.949814631357542,34.8072712342449
Machewa,Saboti,0.891361831368935,34.8249060132453
HOSPITAL,MATHARE,1.01510742439854,35.0379366335449
Hospital,Thika Town,1.01510742439854,35.0379366335449
Hospital,Kiminini,1.01510742439854,35.0379366335449
Sikhendu,Kiminini,0.841699565849115,34.8378922760365
Sitatunga,Cherangany,1.06209917665597,35.097806228853
Sengwer,Marakwet West,1.10871109336327,35.2702408353094
Kapsowar,Marakwet West,0.951684868201581,35.561742840283
Arror,Marakwet West,0.940970252871995,35.6139582848271
Kamariny,Keiyo North,0.623534036735714,35.4784603218993
Emsoo,Keiyo North,0.786015410420832,35.5898297096309
Tambach,Keiyo North,0.641787842555283,35.5630776902549
Kapchemutwa,Keiyo North,0.763693496597366,35.5151311031331
Kaptarakwa,Keiyo South,0.452680604263424,35.516415135647
Chepkorio,Keiyo South,0.357459156936339,35.5330858573927
Metkei,Keiyo South,0.193005933276718,35.6086139380171
Songhor/Soba,Tinderet,-0.0158796786783749,35.2609803013304
Chemelil/Chemase,Tinderet,-0.0140602103639734,35.0964293825453
Kapsimotwo,Tinderet,0.0507597980958487,35.1572062766755
Kapchorua,Nandi Hills,0.0755155496846129,35.3475310125396
Kosirai,Chesumei,0.273904576983715,35.1396159411998
Kaptel/Kamoiywo,Chesumei,0.299714246518624,35.0508747721986
Kapkangani,Emgwen,0.197379959142873,34.9594517468326
Chepterwai,Mosop,0.52347541282213,34.9339632629579
Kipkaren,Mosop,0.507204594491782,35.0231058700807
Kurgung/Surungai,Mosop,0.442632356508729,34.9757003765324
Kabiyet,Mosop,0.43046935438522,35.0670081254908
Kabisaga,Mosop,0.42778462125044,35.1267720899716
Githiga,Githunguri,0.429522532869285,36.3004326061407
GITHIGA,LAIKIPIA WEST,0.429522532869285,36.3004326061407
Kapkatet,Bureti,-0.623734358805816,35.190980530936
Cheptororiet/Seretut,Belgut,-0.421618626398098,35.1953210646989
